uf,nome,partido,colig,origem,dim1,erro,base_partido,base_coligacao,base_casa
SC,JULIA ZANATTA,PL,Flavio,medido 2019–26,0.909,0,0.6391,0.6391,0.1395
AM,SARGENTO SALAZAR,PL,Flavio,previsto,0.886,0.25,0.6391,0.6391,0.1395
SP,LUIZ PHILIPPE DE O E BRAGANÇA,PL,Flavio,medido 2019–26,0.866,0,0.6391,0.6391,0.1395
MG,JUNIO AMARAL,PL,Flavio,medido 2019–26,0.855,0,0.6391,0.6391,0.1395
RS,MAURÍCIO MARCON,PL,Flavio,medido 2019–26,0.841,0,0.6391,0.6391,0.1395
MS,MARCOS POLLON,PL,Flavio,medido 2019–26,0.835,0,0.6391,0.6391,0.1395
MG,NIKOLAS FERREIRA,PL,Flavio,medido 2019–26,0.828,0,0.6391,0.6391,0.1395
SP,MARIO FRIAS,PL,Flavio,medido 2019–26,0.827,0,0.6391,0.6391,0.1395
PE,THIAGO MEDINA,PL,Flavio,previsto,0.826,0.25,0.6391,0.6391,0.1395
PR,SARGENTO FAHUR,PL,Flavio,medido 2019–26,0.818,0,0.6391,0.6391,0.1395
PB,CABO GILBERTO SILVA,PL,Flavio,medido 2019–26,0.817,0,0.6391,0.6391,0.1395
BA,DOUTORA RAISSA SOARES,PL,Flavio,previsto,0.808,0.25,0.6391,0.6391,0.1395
RN,SARGENTO GONÇALVES,PL,Flavio,medido 2019–26,0.808,0,0.6391,0.6391,0.1395
ES,LUCAS POLESE,PL,Flavio,previsto,0.807,0.25,0.6391,0.6391,0.1395
SC,ZÉ TROVÃO,PL,Flavio,medido 2019–26,0.807,0,0.6391,0.6391,0.1395
MS,RODOLFO NOGUEIRA,PL,Flavio,medido 2019–26,0.804,0,0.6391,0.6391,0.1395
PA,DELEGADO CAVEIRA,PL,Flavio,medido 2019–26,0.801,0,0.6391,0.6391,0.1395
RJ,CHRIS TONIETTO,PL,Flavio,medido 2019–26,0.799,0,0.6391,0.6391,0.1395
SP,DELEGADO PAULO BILYNSKYJ,PL,Flavio,medido 2019–26,0.797,0,0.6391,0.6391,0.1395
SC,DANIEL FREITAS,PL,Flavio,medido 2019–26,0.79,0,0.6391,0.6391,0.1395
CE,CARMELO NETO,PL,Flavio,previsto,0.782,0.25,0.6391,0.6391,0.1395
GO,FRED RODRIGUES,PL,Flavio,previsto,0.78,0.25,0.6391,0.6391,0.1395
SC,DANIELA REINEHR,PL,Flavio,medido 2019–26,0.776,0,0.6391,0.6391,0.1395
CE,ANDRÉ FERNANDES,PL,Flavio,medido 2019–26,0.771,0,0.6391,0.6391,0.1395
SP,LUCAS PAVANATO,PL,Flavio,previsto,0.767,0.25,0.6391,0.6391,0.1395
GO,MAJOR VITOR HUGO,PL,Flavio,medido 2019–26,0.709,0,0.6391,0.6391,0.1395
AC,JÚNIOR BETÃO,PL,Flavio,previsto,0.706,0.25,0.6391,0.6391,0.1395
MT,THIAGO BOAVA HEY ROY,PL,Flavio,previsto,0.701,0.25,0.6391,0.6391,0.1395
TO,FILIPE MARTINS,PL,Flavio,medido 2019–26,0.701,0,0.6391,0.6391,0.1395
MT,CORONEL ASSIS,PL,Flavio,medido 2019–26,0.7,0,0.6391,0.6391,0.1395
BA,CAPITÃO ALDEN,PL,Flavio,medido 2019–26,0.7,0,0.6391,0.6391,0.1395
RS,DIOGO SIQUEIRA,PL,Flavio,previsto,0.696,0.25,0.6391,0.6391,0.1395
PA,ROGERIO BARRA,PL,Flavio,previsto,0.691,0.25,0.6391,0.6391,0.1395
RO,CORONEL CHRISÓSTOMO,PL,Flavio,medido 2019–26,0.688,0,0.6391,0.6391,0.1395
RN,GENERAL GIRÃO,PL,Flavio,medido 2019–26,0.671,0,0.6391,0.6391,0.1395
SP,MARCIO ALVINO,PL,Flavio,medido 2019–26,0.667,0,0.6391,0.6391,0.1395
CE,DR JAZIEL,PL,Flavio,medido 2019–26,0.665,0,0.6391,0.6391,0.1395
RS,BIBO NUNES,PL,Flavio,medido 2019–26,0.662,0,0.6391,0.6391,0.1395
SC,SARGENTO LIMA,PL,Flavio,previsto,0.659,0.25,0.6391,0.6391,0.1395
RR,DANIEL TRINDADE,PL,Flavio,previsto,0.657,0.25,0.6391,0.6391,0.1395
MG,CAPOREZZO,PL,Flavio,previsto,0.657,0.25,0.6391,0.6391,0.1395
BA,ROBERTA ROMA,PL,Flavio,medido 2019–26,0.656,0,0.6391,0.6391,0.1395
MG,THIAGO GANEM,PL,Flavio,previsto,0.654,0.25,0.6391,0.6391,0.1395
PR,ROSANGELA MORO,PL,Flavio,medido 2019–26,0.652,0,0.6391,0.6391,0.1395
MT,CORONEL FERNANDA,PL,Flavio,medido 2019–26,0.651,0,0.6391,0.6391,0.1395
RJ,GENERAL PAZUELLO,PL,Flavio,medido 2019–26,0.65,0,0.6391,0.6391,0.1395
MG,DR. FREDERICO,PL,Flavio,medido 2019–26,0.649,0,0.6391,0.6391,0.1395
SP,RENATO BOLSONARO,PL,Flavio,previsto,0.646,0.25,0.6391,0.6391,0.1395
DF,ALBERTO FRAGA,PL,Flavio,medido 2019–26,0.644,0,0.6391,0.6391,0.1395
RJ,THIAGO GAGLIASSO,PL,Flavio,previsto,0.643,0.25,0.6391,0.6391,0.1395
MG,EROS BIONDINI,PL,Flavio,medido 2019–26,0.642,0,0.6391,0.6391,0.1395
RS,OSMAR TERRA,PL,Flavio,medido 2019–26,0.64,0,0.6391,0.6391,0.1395
SP,PASTOR MARCO FELICIANO,PL,Flavio,medido 2019–26,0.639,0,0.6391,0.6391,0.1395
RS,MARCELO MORAES,PL,Flavio,medido 2019–26,0.639,0,0.6391,0.6391,0.1395
RJ,MANOELA PERES,PL,Flavio,previsto,0.638,0.25,0.6391,0.6391,0.1395
SP,GIL DINIZ,PL,Flavio,previsto,0.638,0.25,0.6391,0.6391,0.1395
SC,JAIR BOLSONARO,PL,Flavio,previsto,0.635,0.25,0.6391,0.6391,0.1395
RN,NINA,PL,Flavio,previsto,0.635,0.25,0.6391,0.6391,0.1395
SP,LUIZ FERNANDO MACHADO,PL,Flavio,previsto,0.632,0.25,0.6391,0.6391,0.1395
RS,GIOVANI CHERINI,PL,Flavio,medido 2019–26,0.63,0,0.6391,0.6391,0.1395
ES,LUCAS O FEDERAL DA DIREITA,PL,Flavio,previsto,0.629,0.25,0.6391,0.6391,0.1395
RJ,JULIA DE CASTRO,PL,Flavio,previsto,0.629,0.25,0.6391,0.6391,0.1395
RJ,DIOGO BALIEIRO DINIZ,PL,Flavio,previsto,0.623,0.25,0.6391,0.6391,0.1395
RJ,POUBEL,PL,Flavio,previsto,0.62,0.25,0.6391,0.6391,0.1395
MG,MARCELO ÁLVARO ANTÔNIO,PL,Flavio,medido 2019–26,0.619,0,0.6391,0.6391,0.1395
GO,MAGDA MOFATTO,PL,Flavio,medido 2019–26,0.609,0,0.6391,0.6391,0.1395
SP,CAPITÃO AUGUSTO,PL,Flavio,medido 2019–26,0.608,0,0.6391,0.6391,0.1395
SP,PAULO FREIRE,PL,Flavio,medido 2019–26,0.608,0,0.6391,0.6391,0.1395
RJ,JORGE MIRANDA,PL,Flavio,previsto,0.605,0.25,0.6391,0.6391,0.1395
MG,IGOR SANTOS,PL,Flavio,previsto,0.605,0.25,0.6391,0.6391,0.1395
MG,DR. MARCOS VINICIUS,PL,Flavio,previsto,0.6,0.25,0.6391,0.6391,0.1395
RJ,RAFAEL SATIÊ,PL,Flavio,previsto,0.585,0.25,0.6391,0.6391,0.1395
SP,WESLEY CEZAR LELINHO,PL,Flavio,previsto,0.581,0.25,0.6391,0.6391,0.1395
PR,RICARDO ARRUDA,PL,Flavio,previsto,0.581,0.25,0.6391,0.6391,0.1395
MG,LINCOLN PORTELA,PL,Flavio,medido 2019–26,0.579,0,0.6391,0.6391,0.1395
SC,RICARDO GUIDI,PL,Flavio,medido 2019–26,0.575,0,0.6391,0.6391,0.1395
SP,THIAGO SURFISTA,PL,Flavio,previsto,0.574,0.25,0.6391,0.6391,0.1395
PA,JOAQUIM PASSARINHO,PL,Flavio,medido 2019–26,0.574,0,0.6391,0.6391,0.1395
RO,SOFIA ANDRADE,PL,Flavio,previsto,0.573,0.25,0.6391,0.6391,0.1395
MA,DR. ORLANDO,PL,Flavio,previsto,0.571,0.25,0.6391,0.6391,0.1395
RJ,SÓSTENES CAVALCANTE,PL,Flavio,medido 2019–26,0.569,0,0.6391,0.6391,0.1395
MG,SARGENTO MELLO-CASAL,PL,Flavio,previsto,0.565,0.25,0.6391,0.6391,0.1395
SP,MIGUEL LOMBARDI,PL,Flavio,medido 2019–26,0.552,0,0.6391,0.6391,0.1395
RS,PERONDI,PL,Flavio,previsto,0.55,0.25,0.6391,0.6391,0.1395
MG,VINICIUS DINIZ,PL,Flavio,previsto,0.548,0.25,0.6391,0.6391,0.1395
SP,DRA. SANDRA TADEU,PL,Flavio,previsto,0.545,0.25,0.6391,0.6391,0.1395
MA,FABIANA VILAR,PL,Flavio,previsto,0.533,0.25,0.6391,0.6391,0.1395
PB,GEORGE MORAIS,PL,Flavio,previsto,0.532,0.25,0.6391,0.6391,0.1395
RJ,SORAYA SANTOS,PL,Flavio,medido 2019–26,0.531,0,0.6391,0.6391,0.1395
DF,THIAGO MANZONI,PL,Flavio,previsto,0.531,0.25,0.6391,0.6391,0.1395
MS,MARA CASEIRO,PL,Flavio,previsto,0.527,0.25,0.6391,0.6391,0.1395
RJ,DOUGLAS GOMES,PL,Flavio,previsto,0.527,0.25,0.6391,0.6391,0.1395
MG,RODRIGO TAVARES,PL,Flavio,previsto,0.525,0.25,0.6391,0.6391,0.1395
MA,ALDIR JUNIOR,PL,Flavio,previsto,0.52,0.25,0.6391,0.6391,0.1395
RJ,ALTINEU CORTES,PL,Flavio,medido 2019–26,0.506,0,0.6391,0.6391,0.1395
SP,JEFFERSON CAMPOS,PL,Flavio,medido 2019–26,0.503,0,0.6391,0.6391,0.1395
RS,JESSÉ SANGALLI,PL,Flavio,previsto,0.482,0.25,0.6391,0.6391,0.1395
MG,ROSANGELA REIS,PL,Flavio,medido 2019–26,0.456,0,0.6391,0.6391,0.1395
CE,MATHEUS NORONHA,PL,Flavio,medido 2019–26,0.452,0,0.6391,0.6391,0.1395
MG,EMIDINHO MADEIRA,PL,Flavio,medido 2019–26,0.448,0,0.6391,0.6391,0.1395
SP,MOTTA,PL,Flavio,medido 2019–26,0.443,0,0.6391,0.6391,0.1395
AP,VINICIUS GURGEL,PL,Flavio,medido 2019–26,0.442,0,0.6391,0.6391,0.1395
MG,ZÉ VITOR,PL,Flavio,medido 2019–26,0.435,0,0.6391,0.6391,0.1395
PR,VERMELHO,PL,Flavio,medido 2019–26,0.411,0,0.6391,0.6391,0.1395
MG,GREYCE ELIAS,PL,Flavio,medido 2019–26,0.39,0,0.6391,0.6391,0.1395
MA,MARIANA CARVALHO,PL,Flavio,medido 2019–26,0.389,0,0.6391,0.6391,0.1395
RO,LUCIO MOSQUINI,PL,Flavio,medido 2019–26,0.339,0,0.6391,0.6391,0.1395
GO,FÁBIO SOUSA,PL,Flavio,medido 2015–18 (mapeado),0.336,0.124,0.6391,0.6391,0.1395
MG,LAFAYETTE ANDRADA,PL,Flavio,medido 2019–26,0.228,0,0.6391,0.6391,0.1395
DF,IZALCI LUCAS,PL,Flavio,medido no Senado 2019–26,0.221,0,0.6391,0.6391,0.1395
MG,DELEGADA IONE,PL,Flavio,medido 2019–26,0.219,0,0.6391,0.6391,0.1395
RJ,DANI CUNHA,PL,Flavio,medido 2019–26,0.154,0,0.6391,0.6391,0.1395
SP,EDUARDO CURY,PL,Flavio,medido 2019–26,0.143,0,0.6391,0.6391,0.1395
SP,ROSANA VALLE,PL,Flavio,medido 2019–26,0.138,0,0.6391,0.6391,0.1395
PR,DELEGADO FRANCISCHINI,PL,Flavio,medido 2015–18 (mapeado),0.119,0.124,0.6391,0.6391,0.1395
RJ,WLADIMIR GAROTINHO,PL,Flavio,medido 2019–26,0.091,0,0.6391,0.6391,0.1395
BA,JOÃO BACELAR,PL,Flavio,medido 2019–26,0.085,0,0.6391,0.6391,0.1395
MG,FABINHO RAMALHO,PL,Flavio,medido 2019–26,0.077,0,0.6391,0.6391,0.1395
PE,ANDERSON FERREIRA,PL,Flavio,medido 2015–18 (mapeado),-0.005,0.124,0.6391,0.6391,0.1395
AM,ALFREDO NASCIMENTO,PL,Flavio,medido 2015–18 (mapeado),-0.016,0.124,0.6391,0.6391,0.1395
MG,SUBTENETE GONZAGA,PL,Flavio,medido 2019–26,-0.343,0,0.6391,0.6391,0.1395
BA,OLIVIA,PCDOB,Lula,previsto,-0.574,0.25,-0.7135,-0.7283,0.1395
PB,GERVÁSIO MAIA,PCDOB,Lula,medido 2019–26,-0.623,0,-0.7135,-0.7283,0.1395
AC,PERPÉTUA ALMEIDA,PCDOB,Lula,medido 2019–26,-0.671,0,-0.7135,-0.7283,0.1395
AP,PROFESSORA MARCIVÂNIA,PCDOB,Lula,medido 2019–26,-0.682,0,-0.7135,-0.7283,0.1395
BA,DANIEL,PCDOB,Lula,medido 2019–26,-0.712,0,-0.7135,-0.7283,0.1395
SC,GIOVANA MONDARDO,PCDOB,Lula,previsto,-0.715,0.25,-0.7135,-0.7283,0.1395
RJ,JANDIRA FEGHALI,PCDOB,Lula,medido 2019–26,-0.718,0,-0.7135,-0.7283,0.1395
MA,MÁRCIO JERRY,PCDOB,Lula,medido 2019–26,-0.72,0,-0.7135,-0.7283,0.1395
BA,ALICE PORTUGAL,PCDOB,Lula,medido 2019–26,-0.721,0,-0.7135,-0.7283,0.1395
RS,DAIANA SANTOS,PCDOB,Lula,medido 2019–26,-0.749,0,-0.7135,-0.7283,0.1395
RJ,ELIAS JABBOUR,PCDOB,Lula,previsto,-0.793,0.25,-0.7135,-0.7283,0.1395
RJ,MARCOS TAVARES,PDT,Lula,medido 2019–26,-0.324,0,-0.4359,-0.7283,0.1395
BA,FELIX MENDONÇA,PDT,Lula,medido 2019–26,-0.344,0,-0.4359,-0.7283,0.1395
AP,JOSENILDO,PDT,Lula,medido 2019–26,-0.371,0,-0.4359,-0.7283,0.1395
RS,POMPEO DE MATTOS,PDT,Lula,medido 2019–26,-0.387,0,-0.4359,-0.7283,0.1395
AP,DORINALDO MALAFAIA,PDT,Lula,medido 2019–26,-0.469,0,-0.4359,-0.7283,0.1395
MA,ERLANIO XAVIER,PDT,Lula,previsto,-0.511,0.25,-0.4359,-0.7283,0.1395
MG,DUARTE JÚNIOR,PSB,Lula,medido 2019–26,0.189,0,-0.4702,-0.7283,0.1395
BA,MARIO NEGROMONTE JR,PSB,Lula,medido 2019–26,0.038,0,-0.4702,-0.7283,0.1395
PA,ANDRÉIA SIQUEIRA,PSB,Lula,medido 2019–26,-0.09,0,-0.4702,-0.7283,0.1395
PE,FELIPE CARRERAS,PSB,Lula,medido 2019–26,-0.249,0,-0.4702,-0.7283,0.1395
SP,TABATA AMARAL,PSB,Lula,medido 2019–26,-0.301,0,-0.4702,-0.7283,0.1395
SP,JONAS DONIZETTE,PSB,Lula,medido 2019–26,-0.386,0,-0.4702,-0.7283,0.1395
CE,ROBÉRIO MONTEIRO,PSB,Lula,medido 2019–26,-0.417,0,-0.4702,-0.7283,0.1395
CE,DR. ACILON,PSB,Lula,previsto,-0.44,0.25,-0.4702,-0.7283,0.1395
PE,GABRIEL PORTO,PSB,Lula,previsto,-0.533,0.25,-0.4702,-0.7283,0.1395
SE,CLAUDIO MITIDIERI,PSB,Lula,previsto,-0.539,0.25,-0.4702,-0.7283,0.1395
PE,ELIANE SOARES,PSB,Lula,previsto,-0.56,0.25,-0.4702,-0.7283,0.1395
CE,TAINAH MARINHO,PSB,Lula,previsto,-0.587,0.25,-0.4702,-0.7283,0.1395
ES,MANU,PSB,Lula,previsto,-0.588,0.25,-0.4702,-0.7283,0.1395
PE,PEDRO CAMPOS,PSB,Lula,medido 2019–26,-0.604,0,-0.4702,-0.7283,0.1395
CE,IDILVAN,PSB,Lula,medido 2019–26,-0.614,0,-0.4702,-0.7283,0.1395
PE,JONES MANOEL,PSOL,Lula,previsto,-0.475,0.25,-0.7723,-0.7283,0.1395
MG,DUDA SALABERT,PSOL,Lula,medido 2019–26,-0.675,0,-0.7723,-0.7283,0.1395
SP,GUILHERME CORTEZ,PSOL,Lula,previsto,-0.695,0.25,-0.7723,-0.7283,0.1395
SP,PROFESSORA LUCIENE CAVALCANTE,PSOL,Lula,medido 2019–26,-0.711,0,-0.7723,-0.7283,0.1395
SP,ERIKA HILTON,PSOL,Lula,medido 2019–26,-0.715,0,-0.7723,-0.7283,0.1395
RJ,PASTOR HENRIQUE VIEIRA,PSOL,Lula,medido 2019–26,-0.758,0,-0.7723,-0.7283,0.1395
SP,SÔNIA GUAJAJARA,PSOL,Lula,medido 2019–26,-0.765,0,-0.7723,-0.7283,0.1395
RJ,TALÍRIA PETRONE,PSOL,Lula,medido 2019–26,-0.779,0,-0.7723,-0.7283,0.1395
RJ,GLAUBER BRAGA,PSOL,Lula,medido 2019–26,-0.78,0,-0.7723,-0.7283,0.1395
SP,SÂMIA BOMFIM,PSOL,Lula,medido 2019–26,-0.786,0,-0.7723,-0.7283,0.1395
RS,FERNANDA MELCHIONNA,PSOL,Lula,medido 2019–26,-0.789,0,-0.7723,-0.7283,0.1395
RJ,RICK AZEVEDO,PSOL,Lula,previsto,-0.81,0.25,-0.7723,-0.7283,0.1395
SP,NATÁLIA BOULOS,PSOL,Lula,previsto,-0.845,0.25,-0.7723,-0.7283,0.1395
DF,FÁBIO FELIX,PSOL,Lula,previsto,-0.924,0.25,-0.7723,-0.7283,0.1395
PI,FLÁVIO NOGUEIRA,PT,Lula,medido 2019–26,-0.271,0,-0.7823,-0.7283,0.1395
BA,MARIA MARIGHELLA,PT,Lula,previsto,-0.558,0.25,-0.7823,-0.7283,0.1395
PE,LIANA CIRNE,PT,Lula,previsto,-0.583,0.25,-0.7823,-0.7283,0.1395
PR,RENATO FREITAS,PT,Lula,previsto,-0.584,0.25,-0.7823,-0.7283,0.1395
CE,LUISA CELA,PT,Lula,previsto,-0.59,0.25,-0.7823,-0.7283,0.1395
PR,ANA JÚLIA,PT,Lula,previsto,-0.606,0.25,-0.7823,-0.7283,0.1395
PE,ROSA AMORIM,PT,Lula,previsto,-0.608,0.25,-0.7823,-0.7283,0.1395
MG,ANA ELISA,PT,Lula,previsto,-0.637,0.25,-0.7823,-0.7283,0.1395
MG,PEDRO ROUSSEFF,PT,Lula,previsto,-0.652,0.25,-0.7823,-0.7283,0.1395
PB,RICARDO COUTINHO,PT,Lula,previsto,-0.658,0.25,-0.7823,-0.7283,0.1395
MG,BELLA GONÇALVES,PT,Lula,previsto,-0.669,0.25,-0.7823,-0.7283,0.1395
SP,JILMAR TATTO,PT,Lula,medido 2019–26,-0.701,0,-0.7823,-0.7283,0.1395
GO,DELEGADA ADRIANA ACCORSI,PT,Lula,medido 2019–26,-0.719,0,-0.7823,-0.7283,0.1395
PI,DR. FRANCISCO,PT,Lula,medido 2019–26,-0.722,0,-0.7823,-0.7283,0.1395
SP,KIKO CELEGUIM,PT,Lula,medido 2019–26,-0.725,0,-0.7823,-0.7283,0.1395
MG,GLEIDE ANDRADE,PT,Lula,previsto,-0.728,0.25,-0.7823,-0.7283,0.1395
PA,DILVANDA FARO,PT,Lula,medido 2019–26,-0.728,0,-0.7823,-0.7283,0.1395
RS,DENISE PESSÔA,PT,Lula,medido 2019–26,-0.745,0,-0.7823,-0.7283,0.1395
SP,JULIANA CARDOSO,PT,Lula,medido 2019–26,-0.745,0,-0.7823,-0.7283,0.1395
DF,AGNELO QUEIROZ,PT,Lula,previsto,-0.745,0.25,-0.7823,-0.7283,0.1395
SP,EDINHO SILVA,PT,Lula,previsto,-0.748,0.25,-0.7823,-0.7283,0.1395
RS,MARCON,PT,Lula,medido 2019–26,-0.75,0,-0.7823,-0.7283,0.1395
MA,RUBENS PEREIRA JR,PT,Lula,medido 2019–26,-0.751,0,-0.7823,-0.7283,0.1395
SC,ANA PAULA LIMA,PT,Lula,medido 2019–26,-0.752,0,-0.7823,-0.7283,0.1395
MS,CAMILA JARA,PT,Lula,medido 2019–26,-0.755,0,-0.7823,-0.7283,0.1395
MG,DANDARA,PT,Lula,medido 2019–26,-0.756,0,-0.7823,-0.7283,0.1395
BA,IVONEIDE CAETANO,PT,Lula,medido 2019–26,-0.757,0,-0.7823,-0.7283,0.1395
MG,MIGUEL ÂNGELO,PT,Lula,medido 2019–26,-0.76,0,-0.7823,-0.7283,0.1395
PI,ZÉ SANTANA,PT,Lula,previsto,-0.761,0.25,-0.7823,-0.7283,0.1395
PR,CAROL DARTORA,PT,Lula,medido 2019–26,-0.766,0,-0.7823,-0.7283,0.1395
SE,JOAO DANIEL,PT,Lula,medido 2019–26,-0.769,0,-0.7823,-0.7283,0.1395
MG,REGINALDO LOPES,PT,Lula,medido 2019–26,-0.77,0,-0.7823,-0.7283,0.1395
MG,LEONARDO MONTEIRO,PT,Lula,medido 2019–26,-0.771,0,-0.7823,-0.7283,0.1395
SP,THIAGO DOS REIS,PT,Lula,previsto,-0.772,0.25,-0.7823,-0.7283,0.1395
RS,MARIA DO ROSARIO,PT,Lula,medido 2019–26,-0.775,0,-0.7823,-0.7283,0.1395
MG,PAULO GUEDES,PT,Lula,medido 2019–26,-0.778,0,-0.7823,-0.7283,0.1395
ES,JACK ROCHA,PT,Lula,medido 2019–26,-0.78,0,-0.7823,-0.7283,0.1395
RJ,DIEGO QUAQUA,PT,Lula,previsto,-0.781,0.25,-0.7823,-0.7283,0.1395
BA,LUCAS REIS,PT,Lula,previsto,-0.781,0.25,-0.7823,-0.7283,0.1395
RS,VALDECI OLIVEIRA,PT,Lula,previsto,-0.783,0.25,-0.7823,-0.7283,0.1395
GO,RUBENS OTONI,PT,Lula,medido 2019–26,-0.786,0,-0.7823,-0.7283,0.1395
PR,ZECA DIRCEU,PT,Lula,medido 2019–26,-0.787,0,-0.7823,-0.7283,0.1395
SP,CARLOS ZARATTINI,PT,Lula,medido 2019–26,-0.788,0,-0.7823,-0.7283,0.1395
BA,JOSEILDO,PT,Lula,medido 2019–26,-0.791,0,-0.7823,-0.7283,0.1395
PA,AIRTON FALEIRO,PT,Lula,medido 2019–26,-0.791,0,-0.7823,-0.7283,0.1395
MG,ANA PIMENTEL,PT,Lula,medido 2019–26,-0.792,0,-0.7823,-0.7283,0.1395
SP,NILTO TATTO,PT,Lula,medido 2019–26,-0.792,0,-0.7823,-0.7283,0.1395
BA,VALMIR ASSUNÇÃO,PT,Lula,medido 2019–26,-0.794,0,-0.7823,-0.7283,0.1395
PE,CARLOS VERAS,PT,Lula,medido 2019–26,-0.797,0,-0.7823,-0.7283,0.1395
RJ,FREIXO,PT,Lula,medido 2019–26,-0.797,0,-0.7823,-0.7283,0.1395
SP,JOAO PAULO CUNHA,PT,Lula,previsto,-0.798,0.25,-0.7823,-0.7283,0.1395
CE,FERNANDO SANTANA,PT,Lula,previsto,-0.799,0.25,-0.7823,-0.7283,0.1395
MG,PADRE JOÃO,PT,Lula,medido 2019–26,-0.799,0,-0.7823,-0.7283,0.1395
BA,AFONSO FLORENCE,PT,Lula,medido 2019–26,-0.801,0,-0.7823,-0.7283,0.1395
MT,PROFESSORA ROSA NEIDE,PT,Lula,medido 2019–26,-0.802,0,-0.7823,-0.7283,0.1395
SP,ALENCAR SANTANA,PT,Lula,medido 2019–26,-0.805,0,-0.7823,-0.7283,0.1395
SP,ARLINDO CHINAGLIA,PT,Lula,medido 2019–26,-0.806,0,-0.7823,-0.7283,0.1395
RS,BOHN GASS,PT,Lula,medido 2019–26,-0.807,0,-0.7823,-0.7283,0.1395
PR,ARILSON CHIORATO,PT,Lula,previsto,-0.809,0.25,-0.7823,-0.7283,0.1395
BA,JORGE SOLLA,PT,Lula,medido 2019–26,-0.811,0,-0.7823,-0.7283,0.1395
RJ,LINDBERGH,PT,Lula,medido 2019–26,-0.819,0,-0.7823,-0.7283,0.1395
ES,JOÃO COSER,PT,Lula,previsto,-0.822,0.25,-0.7823,-0.7283,0.1395
MG,ROGÉRIO CORREIA,PT,Lula,medido 2019–26,-0.823,0,-0.7823,-0.7283,0.1395
SC,PROFESSOR PEDRO UCZAI,PT,Lula,medido 2019–26,-0.825,0,-0.7823,-0.7283,0.1395
RN,NATÁLIA BONAVIDES,PT,Lula,medido 2019–26,-0.828,0,-0.7823,-0.7283,0.1395
CE,RAIMUNDO MARTINS,PT,Lula,previsto,-0.833,0.25,-0.7823,-0.7283,0.1395
RJ,NÍSIA TRINDADE,PT,Lula,previsto,-0.863,0.25,-0.7823,-0.7283,0.1395
RJ,FABIANO HORTA,PT,Lula,medido 2015–18 (mapeado),-0.864,0.124,-0.7823,-0.7283,0.1395
SP,LUNA ZARATTINI,PT,Lula,previsto,-0.896,0.25,-0.7823,-0.7283,0.1395
RJ,ANIELLE FRANCO,PT,Lula,previsto,-0.903,0.25,-0.7823,-0.7283,0.1395
PI,DELEGADO CHARLES,PV,Lula,previsto,-0.376,0.25,-0.5951,-0.7283,0.1395
RN,THABATTA PIMENTA,PV,Lula,previsto,-0.482,0.25,-0.5951,-0.7283,0.1395
MG,LOHANNA,PV,Lula,previsto,-0.507,0.25,-0.5951,-0.7283,0.1395
PR,ALIEL MACHADO,PV,Lula,medido 2019–26,-0.57,0,-0.5951,-0.7283,0.1395
DF,PROF. REGINALDO VERAS,PV,Lula,medido 2019–26,-0.643,0,-0.5951,-0.7283,0.1395
RN,DR. BERNARDO,PV,Lula,previsto,-0.727,0.25,-0.5951,-0.7283,0.1395
PE,CLODOALDO MAGALHÃES,PV,Lula,medido 2019–26,-0.786,0,-0.5951,-0.7283,0.1395
MG,ANDRÉ JANONES,REDE,Lula,medido 2019–26,-0.354,0,-0.6128,-0.7283,0.1395
MG,LUIS TIBÉ,AVANTE,nenhuma,medido 2019–26,0.167,0,-0.0109,0.1646,0.1395
BA,ELMO VAZ,AVANTE,nenhuma,previsto,-0.054,0.25,-0.0109,0.1646,0.1395
BA,NETO CARLETTO,AVANTE,nenhuma,medido 2019–26,-0.064,0,-0.0109,0.1646,0.1395
PE,WALDEMAR OLIVEIRA,AVANTE,nenhuma,medido 2019–26,-0.085,0,-0.0109,0.1646,0.1395
BA,PASTOR SARGENTO ISIDÓRIO,AVANTE,nenhuma,medido 2019–26,-0.413,0,-0.0109,0.1646,0.1395
SC,PEZENTI,MDB,nenhuma,medido 2019–26,0.774,0,0.1081,0.1646,0.1395
RS,ALCEU MOREIRA,MDB,nenhuma,medido 2019–26,0.317,0,0.1081,0.1646,0.1395
PR,SERGIO SOUZA,MDB,nenhuma,medido 2019–26,0.221,0,0.1081,0.1646,0.1395
GO,CÉLIO SILVEIRA,MDB,nenhuma,medido 2019–26,0.181,0,0.1081,0.1646,0.1395
MA,JUNIOR LOURENÇO,MDB,nenhuma,medido 2019–26,0.167,0,0.1081,0.1646,0.1395
DF,RAFAEL PRUDENTE,MDB,nenhuma,medido 2019–26,0.126,0,0.1081,0.1646,0.1395
MG,NEWTON CARDOSO JR,MDB,nenhuma,medido 2019–26,0.124,0,0.1081,0.1646,0.1395
RJ,GUTEMBERG REIS,MDB,nenhuma,medido 2019–26,0.124,0,0.1081,0.1646,0.1395
SP,BALEIA ROSSI,MDB,nenhuma,medido 2019–26,0.108,0,0.1081,0.1646,0.1395
AL,ISNALDO BULHÕES JR,MDB,nenhuma,medido 2019–26,0.098,0,0.1081,0.1646,0.1395
PI,MARCOS AURÉLIO,MDB,nenhuma,medido 2019–26,0.092,0,0.1081,0.1646,0.1395
RS,VILMAR ZANCHIN,MDB,nenhuma,previsto,0.088,0.25,0.1081,0.1646,0.1395
MA,HILDO ROCHA,MDB,nenhuma,medido 2019–26,0.062,0,0.1081,0.1646,0.1395
PA,PRIANTE,MDB,nenhuma,medido 2019–26,0.057,0,0.1081,0.1646,0.1395
RS,JUVIR COSTELLA,MDB,nenhuma,previsto,0.039,0.25,0.1081,0.1646,0.1395
MA,LARISSA DP,MDB,nenhuma,previsto,0.03,0.25,0.1081,0.1646,0.1395
CE,NENEN COELHO,MDB,nenhuma,previsto,0.013,0.25,0.1081,0.1646,0.1395
PA,ADRIANO COELHO,MDB,nenhuma,previsto,0.008,0.25,0.1081,0.1646,0.1395
MA,VINICIUS FERRO,MDB,nenhuma,previsto,0.006,0.25,0.1081,0.1646,0.1395
AM,ADAIL FILHO,MDB,nenhuma,medido 2019–26,0.002,0,0.1081,0.1646,0.1395
MA,IRACEMA VALE,MDB,nenhuma,previsto,-0.006,0.25,0.1081,0.1646,0.1395
AC,PEDRO LONGO,MDB,nenhuma,previsto,-0.014,0.25,0.1081,0.1646,0.1395
PA,ANTONIO DOIDO,MDB,nenhuma,medido 2019–26,-0.015,0,0.1081,0.1646,0.1395
AM,SAULLO VIANNA,MDB,nenhuma,medido 2019–26,-0.019,0,0.1081,0.1646,0.1395
PA,RENILCE NICODEMOS,MDB,nenhuma,medido 2019–26,-0.035,0,0.1081,0.1646,0.1395
CE,YURY DO PAREDÃO,MDB,nenhuma,medido 2019–26,-0.041,0,0.1081,0.1646,0.1395
SP,ENRICO MISASI,MDB,nenhuma,medido 2019–26,-0.061,0,0.1081,0.1646,0.1395
PA,JADER FILHO,MDB,nenhuma,previsto,-0.061,0.25,0.1081,0.1646,0.1395
SP,SIDNEY CRUZ,MDB,nenhuma,previsto,-0.07,0.25,0.1081,0.1646,0.1395
SP,JOÃO CURY,MDB,nenhuma,medido 2019–26,-0.078,0,0.1081,0.1646,0.1395
BA,RICARDO MAIA,MDB,nenhuma,medido 2019–26,-0.129,0,0.1081,0.1646,0.1395
PI,CASTRO NETO,MDB,nenhuma,medido 2019–26,-0.148,0,0.1081,0.1646,0.1395
AL,RAFAEL BRITO,MDB,nenhuma,medido 2019–26,-0.156,0,0.1081,0.1646,0.1395
PE,IZA ARRUDA,MDB,nenhuma,medido 2019–26,-0.189,0,0.1081,0.1646,0.1395
PA,CASSIO ANDRADE,MDB,nenhuma,medido 2019–26,-0.351,0,0.1081,0.1646,0.1395
GO,FLÁVIA MORAIS,MDB,nenhuma,medido 2019–26,-0.386,0,0.1081,0.1646,0.1395
SP,KIM KATAGUIRI,MISSÃO,nenhuma,medido 2019–26,0.528,0,0.5277,0.1646,0.1395
PR,PAULO MARTINS,NOVO,nenhuma,medido 2019–26,0.813,0,0.6068,0.1646,0.1395
RJ,LUIZ LIMA,NOVO,nenhuma,medido 2019–26,0.75,0,0.6068,0.1646,0.1395
PR,JEFFREY CHIQUINI,NOVO,nenhuma,previsto,0.671,0.25,0.6068,0.1646,0.1395
PE,EDUARDO MOURA,NOVO,nenhuma,previsto,0.651,0.25,0.6068,0.1646,0.1395
PR,GUILHERME KILTER,NOVO,nenhuma,previsto,0.646,0.25,0.6068,0.1646,0.1395
SC,GILSON MARQUES,NOVO,nenhuma,medido 2019–26,0.635,0,0.6068,0.1646,0.1395
SP,ADRIANA VENTURA,NOVO,nenhuma,medido 2019–26,0.63,0,0.6068,0.1646,0.1395
SP,MARINA HELENA,NOVO,nenhuma,previsto,0.529,0.25,0.6068,0.1646,0.1395
RS,FELIPE CAMOZZATO,NOVO,nenhuma,previsto,0.451,0.25,0.6068,0.1646,0.1395
PR,HENRIQUE MECABÔ,NOVO,nenhuma,previsto,0.45,0.25,0.6068,0.1646,0.1395
SP,DELEGADO PALUMBO,PODE,nenhuma,medido 2019–26,0.674,0,0.0913,0.1646,0.1395
PR,FELIPE FRANCISCHINI,PODE,nenhuma,medido 2019–26,0.505,0,0.0913,0.1646,0.1395
RO,CRISTIANE LOPES,PODE,nenhuma,medido 2019–26,0.374,0,0.0913,0.1646,0.1395
PE,GILSON MACHADO,PODE,nenhuma,previsto,0.282,0.25,0.0913,0.1646,0.1395
GO,GLAUSTIN DA FOKUS,PODE,nenhuma,medido 2019–26,0.227,0,0.0913,0.1646,0.1395
PR,DA COSTA DO PERDEU PIÁ,PODE,nenhuma,previsto,0.161,0.25,0.0913,0.1646,0.1395
PE,RICARDO TEOBALDO,PODE,nenhuma,medido 2019–26,0.157,0,0.0913,0.1646,0.1395
AP,DRA. ERICA,PODE,nenhuma,previsto,0.147,0.25,0.0913,0.1646,0.1395
RS,RONY GABRIEL,PODE,nenhuma,previsto,0.118,0.25,0.0913,0.1646,0.1395
SP,DELEGADO BRUNO LIMA,PODE,nenhuma,medido 2019–26,0.091,0,0.0913,0.1646,0.1395
PA,BOB FLLAY,PODE,nenhuma,previsto,0.083,0.25,0.0913,0.1646,0.1395
RR,DUDA RAMOS,PODE,nenhuma,medido 2019–26,0.049,0,0.0913,0.1646,0.1395
SP,ANA CAROLINA OLIVEIRA,PODE,nenhuma,previsto,0.039,0.25,0.0913,0.1646,0.1395
SC,PAULINHA,PODE,nenhuma,previsto,0.028,0.25,0.0913,0.1646,0.1395
PE,MARCELO GOUVEIA,PODE,nenhuma,previsto,0.02,0.25,0.0913,0.1646,0.1395
TO,SANDOVAL CARDOSO,PODE,nenhuma,previsto,0.015,0.25,0.0913,0.1646,0.1395
RR,RODRIGO MESQUITA,PODE,nenhuma,previsto,0.011,0.25,0.0913,0.1646,0.1395
SP,RENATA ABREU,PODE,nenhuma,medido 2019–26,0.008,0,0.0913,0.1646,0.1395
PA,DRA. ALESSANDRA HABER,PODE,nenhuma,medido 2019–26,-0.01,0,0.0913,0.1646,0.1395
MT,CORONEL ROVERI,PODE,nenhuma,previsto,-0.042,0.25,0.0913,0.1646,0.1395
SP,RODRIGO GAMBALE,PODE,nenhuma,medido 2019–26,-0.045,0,0.0913,0.1646,0.1395
RS,SERGIO ZAMBIASI,PODE,nenhuma,previsto,-0.052,0.25,0.0913,0.1646,0.1395
PB,RUY CARNEIRO,PODE,nenhuma,medido 2019–26,-0.053,0,0.0913,0.1646,0.1395
RO,DR. JAIME GAZOLA,PODE,nenhuma,previsto,-0.055,0.25,0.0913,0.1646,0.1395
MG,NELY AQUINO,PODE,nenhuma,medido 2019–26,-0.083,0,0.0913,0.1646,0.1395
SP,FELIPE BECARI,PODE,nenhuma,medido 2019–26,-0.136,0,0.0913,0.1646,0.1395
ES,GILSON DANIEL,PODE,nenhuma,medido 2019–26,-0.206,0,0.0913,0.1646,0.1395
SP,CORONEL TELHADA,PP,nenhuma,medido 2019–26,0.755,0,0.2561,0.1646,0.1395
PE,CLARISSA TÉRCIO,PP,nenhuma,medido 2019–26,0.701,0,0.2561,0.1646,0.1395
RS,COVATTI FILHO,PP,nenhuma,medido 2019–26,0.56,0,0.2561,0.1646,0.1395
RS,ANY ORTIZ,PP,nenhuma,medido 2019–26,0.54,0,0.2561,0.1646,0.1395
AL,DELEGADO FABIO COSTA,PP,nenhuma,medido 2019–26,0.5,0,0.2561,0.1646,0.1395
RS,PEDRO WESTPHALEN,PP,nenhuma,medido 2019–26,0.455,0,0.2561,0.1646,0.1395
RS,AFONSO HAMM,PP,nenhuma,medido 2019–26,0.4,0,0.2561,0.1646,0.1395
BA,SANDRO FILHO,PP,nenhuma,previsto,0.326,0.25,0.2561,0.1646,0.1395
MG,PINHEIRINHO,PP,nenhuma,medido 2019–26,0.268,0,0.2561,0.1646,0.1395
PR,RICARDO BARROS,PP,nenhuma,medido 2019–26,0.261,0,0.2561,0.1646,0.1395
RJ,DR. LUIZINHO,PP,nenhuma,medido 2019–26,0.231,0,0.2561,0.1646,0.1395
PR,TIÃO MEDEIROS,PP,nenhuma,medido 2019–26,0.207,0,0.2561,0.1646,0.1395
BA,CLAUDIO CAJADO,PP,nenhuma,medido 2019–26,0.197,0,0.2561,0.1646,0.1395
RJ,RENATO COZZOLINO,PP,nenhuma,previsto,0.196,0.25,0.2561,0.1646,0.1395
GO,ADRIANO DO BALDY,PP,nenhuma,medido 2019–26,0.191,0,0.2561,0.1646,0.1395
RN,JOÃO MAIA,PP,nenhuma,medido 2019–26,0.19,0,0.2561,0.1646,0.1395
ES,DA VITÓRIA,PP,nenhuma,medido 2019–26,0.18,0,0.2561,0.1646,0.1395
PB,POLLYANNA,PP,nenhuma,previsto,0.176,0.25,0.2561,0.1646,0.1395
CE,AJ ALBUQUERQUE,PP,nenhuma,medido 2019–26,0.172,0,0.2561,0.1646,0.1395
MG,DIMAS FABIANO,PP,nenhuma,medido 2019–26,0.172,0,0.2561,0.1646,0.1395
SC,ZÉ MILTON,PP,nenhuma,previsto,0.172,0.25,0.2561,0.1646,0.1395
RJ,LENIEL BOREL,PP,nenhuma,previsto,0.156,0.25,0.2561,0.1646,0.1395
PR,TONINHO WANDSCHEER,PP,nenhuma,medido 2019–26,0.152,0,0.2561,0.1646,0.1395
RJ,DELEGADO FELIPE CURI,PP,nenhuma,previsto,0.151,0.25,0.2561,0.1646,0.1395
SP,SARGENTO NANTES,PP,nenhuma,previsto,0.15,0.25,0.2561,0.1646,0.1395
SE,GUSTINHO RIBEIRO,PP,nenhuma,medido 2019–26,0.146,0,0.2561,0.1646,0.1395
TO,PROFESSORA JANAD VALCARI,PP,nenhuma,previsto,0.131,0.25,0.2561,0.1646,0.1395
PB,AGUINALDO RIBEIRO,PP,nenhuma,medido 2019–26,0.13,0,0.2561,0.1646,0.1395
SP,MAURICIO NEVES,PP,nenhuma,medido 2019–26,0.119,0,0.2561,0.1646,0.1395
CE,DANILO FORTE,PP,nenhuma,medido 2019–26,0.084,0,0.2561,0.1646,0.1395
PA,LU OGAWA,PP,nenhuma,previsto,0.081,0.25,0.2561,0.1646,0.1395
AL,ALVINHO LIRA,PP,nenhuma,previsto,0.038,0.25,0.2561,0.1646,0.1395
PI,JULIO ARCOVERDE,PP,nenhuma,medido 2019–26,0.027,0,0.2561,0.1646,0.1395
AC,ZÉ ADRIANO,PP,nenhuma,medido 2019–26,0.011,0,0.2561,0.1646,0.1395
RJ,BEBETO,PP,nenhuma,medido 2019–26,0.003,0,0.2561,0.1646,0.1395
PE,LULA DA FONTE,PP,nenhuma,medido 2019–26,-0.036,0,0.2561,0.1646,0.1395
MA,AMANDA GENTIL,PP,nenhuma,medido 2019–26,-0.078,0,0.2561,0.1646,0.1395
AC,SOCORRO NERI,PP,nenhuma,medido 2019–26,-0.084,0,0.2561,0.1646,0.1395
PR,MARCELO BELINATI,PP,nenhuma,medido 2015–18 (mapeado),-0.297,0.124,0.2561,0.1646,0.1395
AL,DANIEL BARBOSA,PP,nenhuma,medido 2019–26,-0.343,0,0.2561,0.1646,0.1395
MS,DAGOBERTO NOGUEIRA,PP,nenhuma,medido 2019–26,-0.445,0,0.2561,0.1646,0.1395
MG,FRED COSTA,PRD,nenhuma,medido 2019–26,0.129,0,0.1293,0.1646,0.1395
MA,MARRECA FILHO,PRD,nenhuma,medido 2019–26,0.105,0,0.1293,0.1646,0.1395
GO,LUCAS CALIL,PRD,nenhuma,previsto,0.07,0.25,0.1293,0.1646,0.1395
SP,EDINHO ARAUJO,PRD,nenhuma,medido 2015–18 (mapeado),0.058,0.124,0.1293,0.1646,0.1395
CE,GIORDANNA MANO,PRD,nenhuma,previsto,0,0.25,0.1293,0.1646,0.1395
PB,WELLINGTON ROBERTO,PSD,nenhuma,medido 2019–26,0.524,0,0.1031,0.1646,0.1395
GO,DANIEL AGROBOM,PSD,nenhuma,medido 2019–26,0.458,0,0.1031,0.1646,0.1395
RS,LUCAS REDECKER,PSD,nenhuma,medido 2019–26,0.434,0,0.1031,0.1646,0.1395
RS,DANRLEI,PSD,nenhuma,medido 2019–26,0.323,0,0.1031,0.1646,0.1395
PA,RAIMUNDO SANTOS,PSD,nenhuma,medido 2019–26,0.294,0,0.1031,0.1646,0.1395
PR,LUIZÃO GOULART,PSD,nenhuma,medido 2019–26,0.257,0,0.1031,0.1646,0.1395
AL,JULIA NUNES,PSD,nenhuma,previsto,0.239,0.25,0.1031,0.1646,0.1395
SP,CARLOS SAMPAIO,PSD,nenhuma,medido 2019–26,0.236,0,0.1031,0.1646,0.1395
PA,JÚNIOR FERRARI,PSD,nenhuma,medido 2019–26,0.206,0,0.1031,0.1646,0.1395
MG,DIEGO ANDRADE,PSD,nenhuma,medido 2019–26,0.176,0,0.1031,0.1646,0.1395
SP,PAULO ALEXANDRE BARBOSA,PSD,nenhuma,medido 2019–26,0.149,0,0.1031,0.1646,0.1395
SE,FÁBIO REIS,PSD,nenhuma,medido 2019–26,0.145,0,0.1031,0.1646,0.1395
BA,SERGIO BRITO,PSD,nenhuma,medido 2019–26,0.141,0,0.1031,0.1646,0.1395
BA,ANTONIO BRITO,PSD,nenhuma,medido 2019–26,0.12,0,0.1031,0.1646,0.1395
PE,FERNANDO MONTEIRO,PSD,nenhuma,medido 2019–26,0.109,0,0.1031,0.1646,0.1395
CE,DOMINGOS NETO,PSD,nenhuma,medido 2019–26,0.103,0,0.1031,0.1646,0.1395
PR,BETO PRETO,PSD,nenhuma,medido 2019–26,0.103,0,0.1031,0.1646,0.1395
RO,JOLIANE FURIA,PSD,nenhuma,previsto,0.094,0.25,0.1031,0.1646,0.1395
BA,RAIMUNDO COSTA,PSD,nenhuma,medido 2019–26,0.088,0,0.1031,0.1646,0.1395
AM,SIDNEY LEITE,PSD,nenhuma,medido 2019–26,0.073,0,0.1031,0.1646,0.1395
SP,CARLOS BEZERRA JR.,PSD,nenhuma,previsto,0.065,0.25,0.1031,0.1646,0.1395
RJ,MÁRCIO REZENDE,PSD,nenhuma,previsto,0.055,0.25,0.1031,0.1646,0.1395
PR,PARANHOS,PSD,nenhuma,previsto,0.041,0.25,0.1031,0.1646,0.1395
SC,JULIO GARCIA,PSD,nenhuma,previsto,0.037,0.25,0.1031,0.1646,0.1395
SP,IGOR SOARES,PSD,nenhuma,previsto,0.028,0.25,0.1031,0.1646,0.1395
SP,MARCOS NEVES,PSD,nenhuma,previsto,0.023,0.25,0.1031,0.1646,0.1395
BA,CHARLES FERNANDES,PSD,nenhuma,medido 2019–26,0.019,0,0.1031,0.1646,0.1395
PI,WILSON MARTINS,PSD,nenhuma,previsto,0.002,0.25,0.1031,0.1646,0.1395
CE,FERNANDA PESSOA,PSD,nenhuma,medido 2019–26,-0.003,0,0.1031,0.1646,0.1395
BA,DANIEL ALENCAR,PSD,nenhuma,previsto,-0.014,0.25,0.1031,0.1646,0.1395
SP,SAULO PEDROSO,PSD,nenhuma,medido 2019–26,-0.025,0,0.1031,0.1646,0.1395
GO,LUCAS DO VALE,PSD,nenhuma,previsto,-0.027,0.25,0.1031,0.1646,0.1395
PI,GEORGIANO,PSD,nenhuma,previsto,-0.034,0.25,0.1031,0.1646,0.1395
SE,DELEGADA KATARINA,PSD,nenhuma,medido 2019–26,-0.059,0,0.1031,0.1646,0.1395
RJ,MARCIO RIBEIRO,PSD,nenhuma,previsto,-0.071,0.25,0.1031,0.1646,0.1395
PR,LEANDRE,PSD,nenhuma,medido 2019–26,-0.094,0,0.1031,0.1646,0.1395
MG,WELITON PRADO,PSD,nenhuma,medido 2019–26,-0.132,0,0.1031,0.1646,0.1395
BA,GABRIEL NUNES,PSD,nenhuma,medido 2019–26,-0.208,0,0.1031,0.1646,0.1395
AL,LUCIANO AMARAL,PSD,nenhuma,medido 2019–26,-0.248,0,0.1031,0.1646,0.1395
PE,GUILHERME UCHOA JUNIOR,PSD,nenhuma,medido 2019–26,-0.256,0,0.1031,0.1646,0.1395
RJ,RENAN FERREIRINHA,PSD,nenhuma,medido 2019–26,-0.257,0,0.1031,0.1646,0.1395
RJ,DANIEL SORANZ,PSD,nenhuma,medido 2019–26,-0.27,0,0.1031,0.1646,0.1395
CE,CÉLIO STUDART,PSD,nenhuma,medido 2019–26,-0.359,0,0.1031,0.1646,0.1395
BA,ADOLFO VIANA,PSDB,nenhuma,medido 2019–26,0.173,0,0.137,0.1646,0.1395
MA,JUSCELINO FILHO,PSDB,nenhuma,medido 2019–26,0.141,0,0.137,0.1646,0.1395
RJ,JUNINHO DO PNEU,PSDB,nenhuma,medido 2019–26,0.14,0,0.137,0.1646,0.1395
RJ,LUCIANO VIEIRA,PSDB,nenhuma,medido 2019–26,0.134,0,0.137,0.1646,0.1395
MG,PAULO ABI-ACKEL,PSDB,nenhuma,medido 2019–26,0.116,0,0.137,0.1646,0.1395
RJ,TALITA GALHARDO,PSDB,nenhuma,previsto,0.104,0.25,0.137,0.1646,0.1395
SP,PAULO SERRA,PSDB,nenhuma,previsto,0.072,0.25,0.137,0.1646,0.1395
BA,CARLOS MUNIZ,PSDB,nenhuma,previsto,0.058,0.25,0.137,0.1646,0.1395
TO,IRATÃ ABREU,PSDB,nenhuma,previsto,0.007,0.25,0.137,0.1646,0.1395
AL,GILVAN BARROS,PSDB,nenhuma,previsto,-0.043,0.25,0.137,0.1646,0.1395
RJ,MARCELO QUEIROZ,PSDB,nenhuma,medido 2019–26,-0.141,0,0.137,0.1646,0.1395
SC,GEOVANIA DE SÁ,REPUBLICANOS,nenhuma,medido 2019–26,0.539,0,0.1857,0.1646,0.1395
PR,PEDRO LUPION,REPUBLICANOS,nenhuma,medido 2019–26,0.491,0,0.1857,0.1646,0.1395
AC,ROBERTO DUARTE,REPUBLICANOS,nenhuma,medido 2019–26,0.359,0,0.1857,0.1646,0.1395
SE,ICARO DE VALMIR,REPUBLICANOS,nenhuma,medido 2019–26,0.264,0,0.1857,0.1646,0.1395
RS,CARLOS GOMES,REPUBLICANOS,nenhuma,medido 2019–26,0.264,0,0.1857,0.1646,0.1395
RR,ÍTALO OTÁVIO,REPUBLICANOS,nenhuma,previsto,0.254,0.25,0.1857,0.1646,0.1395
SP,MARCOS PEREIRA,REPUBLICANOS,nenhuma,medido 2019–26,0.231,0,0.1857,0.1646,0.1395
MG,GILBERTO ABRAMO,REPUBLICANOS,nenhuma,medido 2019–26,0.216,0,0.1857,0.1646,0.1395
GO,MARUSSA BOLDRIN,REPUBLICANOS,nenhuma,medido 2019–26,0.208,0,0.1857,0.1646,0.1395
BA,MÁRCIO MARINHO,REPUBLICANOS,nenhuma,medido 2019–26,0.207,0,0.1857,0.1646,0.1395
MA,ALUISIO MENDES,REPUBLICANOS,nenhuma,medido 2019–26,0.206,0,0.1857,0.1646,0.1395
SP,MARIA ROSAS,REPUBLICANOS,nenhuma,medido 2019–26,0.194,0,0.1857,0.1646,0.1395
SP,CELSO RUSSOMANNO,REPUBLICANOS,nenhuma,medido 2019–26,0.186,0,0.1857,0.1646,0.1395
DF,JULIO CESAR,REPUBLICANOS,nenhuma,medido 2019–26,0.181,0,0.1857,0.1646,0.1395
MS,BETO PEREIRA,REPUBLICANOS,nenhuma,medido 2019–26,0.18,0,0.1857,0.1646,0.1395
ES,CORONEL RAMALHO,REPUBLICANOS,nenhuma,previsto,0.17,0.25,0.1857,0.1646,0.1395
TO,LUCAS CAMPELO,REPUBLICANOS,nenhuma,previsto,0.169,0.25,0.1857,0.1646,0.1395
CE,ERIKA AMORIM,REPUBLICANOS,nenhuma,previsto,0.164,0.25,0.1857,0.1646,0.1395
SP,ALTAIR MORAES,REPUBLICANOS,nenhuma,previsto,0.158,0.25,0.1857,0.1646,0.1395
PB,HUGO,REPUBLICANOS,nenhuma,medido 2019–26,0.148,0,0.1857,0.1646,0.1395
MG,GLEIDSON AZEVEDO,REPUBLICANOS,nenhuma,previsto,0.143,0.25,0.1857,0.1646,0.1395
PB,WILSON SANTIAGO,REPUBLICANOS,nenhuma,medido 2019–26,0.14,0,0.1857,0.1646,0.1395
SP,GUILHERME PIAI,REPUBLICANOS,nenhuma,previsto,0.139,0.25,0.1857,0.1646,0.1395
RR,MARCOS JORGE,REPUBLICANOS,nenhuma,previsto,0.137,0.25,0.1857,0.1646,0.1395
AM,AMOM MANDEL,REPUBLICANOS,nenhuma,medido 2019–26,0.129,0,0.1857,0.1646,0.1395
MS,ISA MARCONDES,REPUBLICANOS,nenhuma,previsto,0.125,0.25,0.1857,0.1646,0.1395
PE,SILVIO COSTA FILHO,REPUBLICANOS,nenhuma,medido 2019–26,0.116,0,0.1857,0.1646,0.1395
MT,JUAREZ COSTA,REPUBLICANOS,nenhuma,medido 2019–26,0.113,0,0.1857,0.1646,0.1395
TO,FABIO VAZ,REPUBLICANOS,nenhuma,previsto,0.105,0.25,0.1857,0.1646,0.1395
RS,GUSTAVO VICTORINO,REPUBLICANOS,nenhuma,previsto,0.102,0.25,0.1857,0.1646,0.1395
PE,AUGUSTO COUTINHO,REPUBLICANOS,nenhuma,medido 2019–26,0.09,0,0.1857,0.1646,0.1395
RJ,LUIS CARLOS GOMES,REPUBLICANOS,nenhuma,medido 2019–26,0.07,0,0.1857,0.1646,0.1395
SP,NEY SANTOS,REPUBLICANOS,nenhuma,previsto,0.055,0.25,0.1857,0.1646,0.1395
MG,BRUNO FARIAS,REPUBLICANOS,nenhuma,medido 2019–26,0.019,0,0.1857,0.1646,0.1395
PR,NEWTON BONIN,REPUBLICANOS,nenhuma,medido 2019–26,-0.014,0,0.1857,0.1646,0.1395
RR,JONER CHAGAS,REPUBLICANOS,nenhuma,previsto,-0.015,0.25,0.1857,0.1646,0.1395
TO,RICARDO AYRES,REPUBLICANOS,nenhuma,medido 2019–26,-0.027,0,0.1857,0.1646,0.1395
BA,DIEGO CORONEL,REPUBLICANOS,nenhuma,medido 2019–26,-0.072,0,0.1857,0.1646,0.1395
PB,MURILO GALDINO,REPUBLICANOS,nenhuma,medido 2019–26,-0.075,0,0.1857,0.1646,0.1395
PI,JADYEL,REPUBLICANOS,nenhuma,medido 2019–26,-0.112,0,0.1857,0.1646,0.1395
BA,LÉO PRATES,REPUBLICANOS,nenhuma,medido 2019–26,-0.337,0,0.1857,0.1646,0.1395
RJ,AUREO RIBEIRO,SOLIDARIEDADE,nenhuma,medido 2019–26,0.054,0,-0.0774,0.1646,0.1395
CE,EMANUEL ACRIZIO,SOLIDARIEDADE,nenhuma,previsto,0.025,0.25,-0.0774,0.1646,0.1395
AC,CORONEL ULYSSES,UNIÃO,nenhuma,medido 2019–26,0.516,0,0.163,0.1646,0.1395
MT,FÁBIO GARCIA,UNIÃO,nenhuma,medido no Senado 2019–26,0.498,0,0.163,0.1646,0.1395
RO,THIAGO FLORES,UNIÃO,nenhuma,medido 2019–26,0.426,0,0.163,0.1646,0.1395
RO,MAURÍCIO CARVALHO,UNIÃO,nenhuma,medido 2019–26,0.417,0,0.163,0.1646,0.1395
GO,SILVYE ALVES,UNIÃO,nenhuma,medido 2019–26,0.315,0,0.163,0.1646,0.1395
SE,CAPITÃO SAMUEL,UNIÃO,nenhuma,medido 2019–26,0.313,0,0.163,0.1646,0.1395
AC,DR. FÁBIO RUEDA,UNIÃO,nenhuma,medido 2019–26,0.3,0,0.163,0.1646,0.1395
MG,RAFAEL SIMÕES,UNIÃO,nenhuma,medido 2019–26,0.29,0,0.163,0.1646,0.1395
AM,JOANA DARC,UNIÃO,nenhuma,previsto,0.262,0.25,0.163,0.1646,0.1395
MG,DELEGADO MARCELO FREITAS,UNIÃO,nenhuma,medido 2019–26,0.243,0,0.163,0.1646,0.1395
BA,PAULO AZI,UNIÃO,nenhuma,medido 2019–26,0.201,0,0.163,0.1646,0.1395
BA,ELMAR,UNIÃO,nenhuma,medido 2019–26,0.196,0,0.163,0.1646,0.1395
BA,LEUR LOMANTO JUNIOR,UNIÃO,nenhuma,medido 2019–26,0.183,0,0.163,0.1646,0.1395
MA,JOSIVALDO JP,UNIÃO,nenhuma,medido 2019–26,0.173,0,0.163,0.1646,0.1395
AP,ALINE GURGEL,UNIÃO,nenhuma,medido 2019–26,0.164,0,0.163,0.1646,0.1395
ES,DR. BRUNO RESENDE,UNIÃO,nenhuma,previsto,0.161,0.25,0.163,0.1646,0.1395
PR,PAULO LITRO,UNIÃO,nenhuma,medido 2019–26,0.158,0,0.163,0.1646,0.1395
PE,FERNANDO FILHO,UNIÃO,nenhuma,medido 2019–26,0.147,0,0.163,0.1646,0.1395
RN,BENES LEOCÁDIO,UNIÃO,nenhuma,medido 2019–26,0.142,0,0.163,0.1646,0.1395
AP,FELIPE SHOW,UNIÃO,nenhuma,previsto,0.14,0.25,0.163,0.1646,0.1395
MA,PEDRO LUCAS FERNANDES,UNIÃO,nenhuma,medido 2019–26,0.14,0,0.163,0.1646,0.1395
AL,MARX BELTRÃO,UNIÃO,nenhuma,medido 2019–26,0.137,0,0.163,0.1646,0.1395
BA,DITINHO AVIVIP,UNIÃO,nenhuma,previsto,0.126,0.25,0.163,0.1646,0.1395
SP,SIRLANGE MANGA,UNIÃO,nenhuma,previsto,0.123,0.25,0.163,0.1646,0.1395
RJ,RUEDA,UNIÃO,nenhuma,previsto,0.113,0.25,0.163,0.1646,0.1395
MG,RODRIGO DE CASTRO,UNIÃO,nenhuma,medido 2019–26,0.104,0,0.163,0.1646,0.1395
MG,SAMUEL VIANA,UNIÃO,nenhuma,medido 2019–26,0.1,0,0.163,0.1646,0.1395
RS,BUSATO,UNIÃO,nenhuma,medido 2019–26,0.093,0,0.163,0.1646,0.1395
GO,BRUNO PEIXOTO,UNIÃO,nenhuma,previsto,0.091,0.25,0.163,0.1646,0.1395
BA,MANUEL ROCHA,UNIÃO,nenhuma,previsto,0.082,0.25,0.163,0.1646,0.1395
CE,MOSES RODRIGUES,UNIÃO,nenhuma,medido 2019–26,0.08,0,0.163,0.1646,0.1395
GO,JOSE NELTO,UNIÃO,nenhuma,medido 2019–26,0.052,0,0.163,0.1646,0.1395
PE,JULIANA DE CHAPARRAL,UNIÃO,nenhuma,previsto,0.045,0.25,0.163,0.1646,0.1395
ES,MARCELO SANTOS,UNIÃO,nenhuma,previsto,0.042,0.25,0.163,0.1646,0.1395
SE,YANDRA MOURA,UNIÃO,nenhuma,medido 2019–26,0.035,0,0.163,0.1646,0.1395
SP,MILTON LEITE FILHO,UNIÃO,nenhuma,previsto,0.029,0.25,0.163,0.1646,0.1395
AM,FAUSTO JR,UNIÃO,nenhuma,medido 2019–26,0.02,0,0.163,0.1646,0.1395
AP,MARCIO SERRÃO,UNIÃO,nenhuma,previsto,0.014,0.25,0.163,0.1646,0.1395
BA,DAL BARRETO,UNIÃO,nenhuma,medido 2019–26,0.008,0,0.163,0.1646,0.1395
RR,ZÉ HAROLDO CATHEDRAL,UNIÃO,nenhuma,medido 2019–26,0.008,0,0.163,0.1646,0.1395
MT,VIRGINIA MENDES,UNIÃO,nenhuma,previsto,0,0.25,0.163,0.1646,0.1395
RR,DEFENSOR STÉLIO DENER,UNIÃO,nenhuma,medido 2019–26,-0.028,0,0.163,0.1646,0.1395
TO,JAIR FARIAS,UNIÃO,nenhuma,previsto,-0.041,0.25,0.163,0.1646,0.1395
MS,ROSE MODESTO,UNIÃO,nenhuma,medido 2019–26,-0.041,0,0.163,0.1646,0.1395
PR,DELEGADO MATHEUS LAIOLA,UNIÃO,nenhuma,medido 2019–26,-0.046,0,0.163,0.1646,0.1395
PB,DR° DAMIÃO,UNIÃO,nenhuma,medido 2019–26,-0.288,0,0.163,0.1646,0.1395
