nome,uf,partido,dim1
Wellington Fagundes,MT,PL,0.3157
Luis Carlos Heinze,RS,PP,0.537
Esperidião Amin,SC,PP,0.2938
Marcio Bittar,AC,PL,0.5007
Flávio Arns,PR,PSB,-0.2193
Jader Barbalho,PA,MDB,-0.0676
Eduardo Gomes,TO,PL,0.3517
Zequinha Marinho,PA,PODE,0.2758
Davi Alcolumbre,AP,UNIÃO,0.0844
Jayme Campos,MT,UNIÃO,0.1237
Sérgio Petecão,AC,PSD,0.0366
Beto Faro,PA,PT,-0.805
Efraim Filho,PB,PL,0.2407
Rogerio Marinho,RN,PL,0.6171
Chico Rodrigues,RR,PSB,0.1273
Confúcio Moura,RO,MDB,-0.0656
Izalci Lucas,DF,PL,0.2212
Laércio Oliveira,SE,PP,0.2606
Eduardo Braga,AM,MDB,-0.0201
Humberto Costa,PE,PT,-0.6559
Randolfe Rodrigues,AP,PT,-0.789
Wilder Morais,GO,PL,0.707
Romário,RJ,PL,0.2172
Rogério Carvalho,SE,PT,-0.6631
Mara Gabrilli,SP,PSD,-0.2213
Irajá,TO,PSD,0.0715
Professora Dorinha Seabra,TO,UNIÃO,0.0494
Weverton,MA,PDT,-0.3061
Marcos Rogério,RO,PL,0.4903
Plínio Valério,AM,PSDB,0.1819
Otto Alencar,BA,PSD,-0.2134
Omar Aziz,AM,PSD,-0.0557
Alan Rick,AC,REPUBLICANOS,0.2554
Eliziane Gama,MA,PSD,-0.3908
Rodrigo Pacheco,MG,PSB,0.1216
Tereza Cristina,MS,PP,0.4484
Veneziano Vital do Rêgo,PB,MDB,-0.2814
Zenaide Maia,RN,PSD,-0.5707
Dr. Hiran,RR,PP,0.4
Jaques Wagner,BA,PT,-0.5844
Flávio Bolsonaro,RJ,PL,0.6818
Jorge Kajuru,GO,PSB,-0.2513
Vanderlan Cardoso,GO,PSD,0.1337
Rodrigo Cunha,AL,PODE,-0.0329
Dra. Eudócia,AL,PSDB,0.0786
Fernando Dueire,PE,PSD,-0.1708
Oriovisto Guimarães,PR,PSDB,0.116
Lucas Barreto,AP,PSD,0.1054
Carlos Portinho,RJ,PL,0.3947
Marcos do Val,ES,AVANTE,0.3206
Fabiano Contarato,ES,PT,-0.6483
Styvenson Valentim,RN,PODE,0.0071
Angelo Coronel,BA,REPUBLICANOS,0.0395
Cid Gomes,CE,PSB,-0.3213
Eduardo Girão,CE,NOVO,0.4935
Leila Barros,DF,PDT,-0.4337
Alessandro Vieira,SE,MDB,-0.2025
Nelsinho Trad,MS,PSD,0.0796
Soraya Thronicke,MS,PSB,0.1792
Carlos Viana,MG,PSD,0.2271
Daniella Ribeiro,PB,PP,0.0763
Giordano,SP,PODE,0.0227
Astronauta Marcos Pontes,SP,PL,0.5187
Ivete da Silveira,SC,MDB,0.0495
Mecias de Jesus,RR,REPUBLICANOS,0.2246
Carlos Fávaro,MT,PSD,0.1269
Margareth Buzetti,MT,PP,0.1272
Magno Malta,ES,PL,0.8831
Sergio Moro,PR,PL,0.4701
Damares Alves,DF,REPUBLICANOS,0.5209
Cleitinho,MG,REPUBLICANOS,0.5429
Teresa Leitão,PE,PT,-0.5493
Jaime Bagattoli,RO,PL,0.7122
Hamilton Mourão,RS,REPUBLICANOS,0.6163
Jorge Seif,SC,PL,0.6047
Fernando Farias,AL,MDB,-0.2043
Augusta Brito,CE,PT,-0.7379
Ana Paula Lobato,MA,PSB,-0.3178
Jussara Lima,PI,PSD,-0.4484
Renan Calheiros,AL,MDB,-0.2862
Ciro Nogueira,PI,PP,0.3608
Marcelo Castro,PI,MDB,-0.0564
Paulo Paim,RS,PT,-0.5794
