chave,nome,partido,uf,casa,pseudo,n_votos,dim1,se1,dim2,se2
CD:100689,Hildo do Candango,REPUBLICANOS,GO,CD,FALSE,106,0.0924,0.1547,0.9957,0.0316
CD:103758,Luciano Azevedo,PSD,RS,CD,FALSE,375,0.0878,0.1241,0.1046,0.0313
CD:104552,Socorro Neri,PP,AC,CD,FALSE,886,-0.0628,0.1472,-0.2026,0.0467
CD:105534,Alexandre Figueiredo,PSD,SE,CD,FALSE,97,0.159,0.1063,0.0916,0.3964
CD:107283,Gleisi Hoffmann,PT,PR,CD,FALSE,1614,-0.7979,0.1594,0.2437,0.0765
CD:107970,Ana Paula Leão,PP,MG,CD,FALSE,941,0.4137,0.1539,0.1776,0.0499
CD:108338,Jaqueline Cassol,PP,RO,CD,FALSE,1631,0.31,0.1228,0.504,0.0729
CD:109429,Benes Leocádio,UNIÃO,RN,CD,FALSE,2703,0.1581,0.0657,0.7319,0.0944
CD:112437,João Marcelo Souza,MDB,MA,CD,FALSE,1102,0.2302,0.1016,0.5199,0.1236
CD:115200,Raniery Paulino,REPUBLICANOS,PB,CD,FALSE,78,0.0816,0.1204,0.9967,0.1029
CD:115746,Gelson Azevedo,PL,RJ,CD,FALSE,1771,0.4956,0.1487,0.8685,0.0528
CD:116379,Darci de Matos,PSD,SC,CD,FALSE,1735,0.2834,0.0997,0.5583,0.0765
CD:118594,Marcelo Squassoni,REPUBLICANOS,SP,CD,FALSE,130,0.1627,0.1758,0.6792,0.2751
CD:121948,Adriano do Baldy,PP,GO,CD,FALSE,2775,0.1971,0.0689,0.9804,0.0144
CD:122158,Pedro Paulo,PSD,RJ,CD,FALSE,1414,0.0611,0.0477,0.4066,0.0853
CD:122195,Leonardo Gadelha,PODE,PB,CD,FALSE,514,0.1557,0.0849,0.9878,0.014
CD:122466,Ronaldo Martins,REPUBLICANOS,CE,CD,FALSE,159,0.3751,0.1446,0.927,0.18
CD:122974,Pedro Lucas Fernandes,UNIÃO,MA,CD,FALSE,2366,0.1539,0.0608,0.7919,0.1092
CD:123086,Átila Lira,PP,PI,CD,FALSE,936,0.0101,0.0997,0.7726,0.1012
CD:123756,Antônia Lúcia,MDB,AC,CD,FALSE,877,0.1233,0.1181,0.9924,0.0069
CD:128760,Paulo Marinho Jr,PL,MA,CD,FALSE,501,0.4831,0.17,0.1008,0.1322
CD:129618,Gorete Pereira,MDB,CE,CD,FALSE,108,0.2529,0.1054,0.8182,0.1696
CD:132504,Enio Verri,PT,PR,CD,FALSE,1649,-0.8117,0.1675,0.2408,0.0928
CD:133439,André Figueiredo,PDT,CE,CD,FALSE,2631,-0.4728,0.132,0.0168,0.0937
CD:133810,Marcelo Moraes,PL,RS,CD,FALSE,2390,0.659,0.2121,0.0184,0.0922
CD:133968,Paulo Ramos,PDT,RJ,CD,FALSE,1568,-0.5284,0.1447,0.0138,0.1036
CD:134812,Edmilson Rodrigues,PSOL,PA,CD,FALSE,519,-0.918,0.1368,-0.3965,0.2575
CD:135054,Cristiano Vale,PP,PA,CD,FALSE,1591,0.3176,0.1104,0.9482,0.0361
CD:136811,Afonso Hamm,PP,RS,CD,FALSE,2205,0.421,0.1528,0.1993,0.058
CD:137070,Vicentinho Júnior,PSDB,TO,CD,FALSE,2286,0.2161,0.0753,0.8437,0.0869
CD:138286,Luciano Alves,PSD,PR,CD,FALSE,699,0.0845,0.066,0.3328,0.0528
CD:139285,Lídice da Mata,PSB,BA,CD,FALSE,2440,-0.6748,0.1583,-0.0725,0.0449
CD:141372,Aelton Freitas,PP,MG,CD,FALSE,914,0.2897,0.1126,0.9444,0.0604
CD:141391,Arnaldo Jardim,CIDADANIA,SP,CD,FALSE,2307,0.0849,0.0763,-0.0247,0.0782
CD:141398,Carlos Zarattini,PT,SP,CD,FALSE,2542,-0.782,0.1577,0.2287,0.0832
CD:141401,Carlos Bezerra,MDB,MT,CD,FALSE,850,0.0605,0.0508,0.3592,0.0627
CD:141405,Celso Maldaner,MDB,SC,CD,FALSE,1538,0.2872,0.1146,0.1695,0.0596
CD:141408,Cleber Verde,MDB,MA,CD,FALSE,2532,0.1543,0.0586,0.988,0.0062
CD:141411,Dagoberto Nogueira,PP,MS,CD,FALSE,2688,-0.4407,0.1185,0.0121,0.0872
CD:141417,Edio Lopes,PL,RR,CD,FALSE,1179,0.3764,0.1145,0.9265,0.0528
CD:141421,Eduardo da Fonte,PP,PE,CD,FALSE,2366,0.1184,0.0499,0.8628,0.1112
CD:141427,Fábio Ramalho,MDB,MG,CD,FALSE,1354,0.0998,0.0896,0.5965,0.1141
CD:141428,Fábio Faria,PSD,RN,CD,FALSE,152,0.3997,0.1485,0.5822,0.1312
CD:141431,Fernando Coelho Filho,UNIÃO,PE,CD,FALSE,2188,0.1627,0.0647,0.8523,0.1024
CD:141434,Flaviano Melo,MDB,AC,CD,FALSE,1549,0.1991,0.0941,0.4165,0.1128
CD:141439,Chico D`Angelo,PDT,RJ,CD,FALSE,1582,-0.5411,0.1354,0.0186,0.0996
CD:141450,Hugo Leal,PSD,RJ,CD,FALSE,2315,0.2412,0.0909,0.4906,0.0608
CD:141456,Jilmar Tatto,PT,SP,CD,FALSE,873,-0.6875,0.1491,0.5599,0.0947
CD:141458,João Carlos Bacelar,PL,BA,CD,FALSE,1620,0.0907,0.044,0.9959,0.0356
CD:141459,João Maia,PP,RN,CD,FALSE,2554,0.2405,0.0848,0.9694,0.0244
CD:141464,José Airton Félix Cirilo,PT,CE,CD,FALSE,2225,-0.7547,0.1554,0.3012,0.076
CD:141470,José Guimarães,PT,CE,CD,FALSE,2575,-0.749,0.1521,0.2726,0.0917
CD:141478,Laerte Bessa,PL,DF,CD,FALSE,595,0.383,0.1268,0.6167,0.1273
CD:141480,Lázaro Botelho,PP,TO,CD,FALSE,808,0.0343,0.0741,0.9405,0.0639
CD:141485,Luiz Carlos Busato,UNIÃO,RS,CD,FALSE,978,0.1153,0.0867,0.4989,0.0763
CD:141487,Luiz Fernando Faria,UNIÃO,MG,CD,FALSE,880,-0.0441,0.0877,0.8032,0.1354
CD:141488,Paulo Teixeira,PT,SP,CD,FALSE,1575,-0.8316,0.1642,0.2231,0.0755
CD:141508,Mauro Nazif,PSB,RO,CD,FALSE,1774,-0.4454,0.145,-0.5003,0.2056
CD:141513,Bilac Pinto,UNIÃO,MG,CD,FALSE,1381,0.3136,0.1261,0.4684,0.0701
CD:141515,Otavio Leite,PSDB,RJ,CD,FALSE,533,0.1681,0.0893,0.2471,0.0802
CD:141516,Paulo Abi-Ackel,PSDB,MG,CD,FALSE,1859,0.1319,0.0675,0.4191,0.0413
CD:141518,Paulinho da Força,SOLIDARIEDADE,SP,CD,FALSE,1318,-0.1142,0.05,0.2123,0.0582
CD:141523,Raul Henry,MDB,PE,CD,FALSE,1777,-0.0477,0.0555,0.1496,0.0455
CD:141531,Rodrigo de Castro,UNIÃO,MG,CD,FALSE,2353,0.1188,0.0637,0.5161,0.0987
CD:141533,Rodrigo Rollemberg,PSB,DF,CD,FALSE,311,-0.4679,0.1777,-0.0898,0.1439
CD:141552,Valtenir Pereira,MDB,MT,CD,FALSE,591,0.077,0.0583,0.372,0.1106
CD:141553,Vanderlei Macris,PSDB,SP,CD,FALSE,1614,0.1005,0.1323,-0.0871,0.0828
CD:141555,Vinicius Carvalho,PL,SP,CD,FALSE,2165,0.2696,0.0926,0.9336,0.0342
CD:143084,Tiago Dimas,PODE,TO,CD,FALSE,2049,0.1574,0.0716,0.492,0.1079
CD:143632,Domingos Neto,PSD,CE,CD,FALSE,1606,0.1175,0.056,0.7935,0.1132
CD:143942,Caio Vianna,PSD,RJ,CD,FALSE,600,-0.0577,0.0568,0.4323,0.1387
CD:146307,Neri Geller,PP,MT,CD,FALSE,1158,0.3623,0.1191,0.9321,0.072
CD:146788,Marcelo Aro,PP,MG,CD,FALSE,1156,0.3422,0.1233,0.9328,0.0674
CD:150418,Márcio Marinho,REPUBLICANOS,BA,CD,FALSE,2301,0.2107,0.0712,0.9776,0.0111
CD:152605,Glauber Braga,PSOL,RJ,CD,FALSE,2533,-0.8034,0.1044,-0.5955,0.1364
CD:152610,Roberto Alves,REPUBLICANOS,SP,CD,FALSE,1653,0.3028,0.1095,0.9531,0.0452
CD:153423,Renilce Nicodemos,MDB,PA,CD,FALSE,659,-0.0148,0.1022,0.6539,0.1501
CD:154178,Milton Vieira,REPUBLICANOS,SP,CD,FALSE,1332,0.2777,0.0874,0.9607,0.0216
CD:154700,Paulo Soares,PODE,SP,CD,FALSE,15,,,,
CD:154919,Eleuses Paiva,PSD,SP,CD,FALSE,186,0.3458,0.1442,0.7375,0.1942
CD:156190,Marcel van Hattem,NOVO,RS,CD,FALSE,2965,0.6561,0.1184,-0.7547,0.1352
CD:157130,Túlio Gadêlha,PSD,PE,CD,FALSE,2469,-0.8091,0.124,-0.5877,0.1305
CD:159237,Assis Carvalho,PT,PI,CD,FALSE,282,-0.7695,0.1712,0.3785,0.0913
CD:160161,Marcelo Queiroz,PSDB,RJ,CD,FALSE,806,-0.123,0.0894,0.5875,0.1066
CD:160508,Afonso Florence,PT,BA,CD,FALSE,1514,-0.7978,0.1627,0.2238,0.0743
CD:160510,Luis Tibé,AVANTE,MG,CD,FALSE,1519,0.1726,0.0638,0.985,0.0308
CD:160511,Alessandro Molon,PSB,RJ,CD,FALSE,1421,-0.7244,0.1547,-0.5129,0.0639
CD:160512,Aureo Ribeiro,SOLIDARIEDADE,RJ,CD,FALSE,2277,0.0664,0.051,0.5043,0.0616
CD:160517,Paulo Folletto,PSB,ES,CD,FALSE,1099,-0.441,0.1281,-0.2111,0.1261
CD:160518,Weliton Prado,PSD,MG,CD,FALSE,2576,-0.1247,0.0679,0.0891,0.0984
CD:160527,Aguinaldo Ribeiro,PP,PB,CD,FALSE,1861,0.1444,0.0582,0.8508,0.1078
CD:160528,Danilo Cabral,PSB,PE,CD,FALSE,1454,-0.6172,0.152,-0.1511,0.0608
CD:160531,Jhonatan de Jesus,REPUBLICANOS,RR,CD,FALSE,1398,0.3791,0.118,0.9254,0.0936
CD:160532,Eli Corrêa Filho,UNIÃO,SP,CD,FALSE,1662,0.322,0.1204,0.5437,0.0415
CD:160534,Lauriete,PSC,ES,CD,FALSE,1870,0.3852,0.126,0.6211,0.0933
CD:160535,Marcon,PT,RS,CD,FALSE,2558,-0.7459,0.1513,0.1579,0.0648
CD:160538,Bohn Gass,PT,RS,CD,FALSE,2594,-0.8003,0.1565,0.2428,0.0729
CD:160541,Arthur Lira,PP,AL,CD,FALSE,397,0.2443,0.089,0.9697,0.0416
CD:160542,Márcio Macêdo,PT,SE,CD,FALSE,226,-0.7421,0.1852,0.1985,0.1379
CD:160545,Alexandre Leite,UNIÃO,SP,CD,FALSE,1987,0.2646,0.0951,0.5921,0.1074
CD:160548,Jonas Donizette,PSB,SP,CD,FALSE,1017,-0.3729,0.1241,0.0674,0.0897
CD:160552,Danrlei de Deus Hinterholz,PSD,RS,CD,FALSE,1305,0.3448,0.1734,-0.0804,0.0824
CD:160553,Antonio Brito,PSD,BA,CD,FALSE,1785,0.132,0.0693,0.6963,0.1057
CD:160556,Padre João,PT,MG,CD,FALSE,2741,-0.7934,0.1583,0.2721,0.0763
CD:160558,Paulo Freire Costa,PL,SP,CD,FALSE,2606,0.6289,0.1894,0.2942,0.0812
CD:160559,Alceu Moreira,MDB,RS,CD,FALSE,2511,0.3379,0.1364,0.175,0.0458
CD:160561,Missionário José Olimpio,PL,SP,CD,FALSE,312,0.7395,0.229,0.0968,0.2129
CD:160569,Waldenor Pereira,PT,BA,CD,FALSE,2302,-0.8287,0.1611,0.1683,0.0535
CD:160570,Jerônimo Goergen,PP,RS,CD,FALSE,1281,0.4432,0.1459,0.2125,0.0665
CD:160575,Erika Kokay,PT,DF,CD,FALSE,2833,-0.8603,0.1679,-0.1368,0.0469
CD:160587,Fábio Trad,PSD,MS,CD,FALSE,1732,-0.1052,0.0852,0.0432,0.0745
CD:160588,Diego Andrade,PSD,MG,CD,FALSE,1633,0.1933,0.0773,0.7344,0.1369
CD:160589,Bruna Furlan,PSDB,SP,CD,FALSE,1187,-0.0245,0.0642,0.1539,0.0476
CD:160591,Vinicius Gurgel,PL,AP,CD,FALSE,1798,0.4631,0.147,0.425,0.0568
CD:160592,Zeca Dirceu,PT,PR,CD,FALSE,2387,-0.7812,0.1575,0.2379,0.0586
CD:160598,Flávia Morais,MDB,GO,CD,FALSE,2309,-0.3818,0.1234,-0.0569,0.112
CD:160599,Dimas Fabiano,PP,MG,CD,FALSE,2540,0.1887,0.0691,0.9003,0.0779
CD:160600,Arthur Oliveira Maia,UNIÃO,BA,CD,FALSE,1960,0.1945,0.0766,0.5762,0.109
CD:160601,Pr. Marco Feliciano,PL,SP,CD,FALSE,2519,0.6584,0.1993,0.1954,0.0651
CD:160604,Pedro Uczai,PT,SC,CD,FALSE,2541,-0.8213,0.1652,0.1676,0.0592
CD:160610,Valmir Assunção,PT,BA,CD,FALSE,2558,-0.7892,0.1579,0.2537,0.0614
CD:160619,José Nunes,PSD,BA,CD,FALSE,1354,0.2432,0.1036,0.81,0.1252
CD:160621,Sandro Alex,PSD,PR,CD,FALSE,357,0.2896,0.1066,0.6195,0.1698
CD:160629,Romero Rodrigues,PODE,PB,CD,FALSE,1021,-0.0945,0.0955,0.705,0.1607
CD:160632,Zé Silva,UNIÃO,MG,CD,FALSE,2397,0.0958,0.0549,0.669,0.1141
CD:160635,Ruy Carneiro,PODE,PB,CD,FALSE,2040,-0.0428,0.0527,0.1792,0.0502
CD:160640,Eros Biondini,PL,MG,CD,FALSE,2659,0.6602,0.2035,0.12,0.0879
CD:160641,Professora Marcivania,PCdoB,AP,CD,FALSE,2004,-0.6805,0.1522,0.1733,0.051
CD:160642,Pastor Eurico,PSDB,PE,CD,FALSE,2494,0.6731,0.2081,0.0875,0.0836
CD:160645,Luiz Carlos,PSDB,AP,CD,FALSE,948,0.25,0.1175,0.2092,0.0587
CD:160651,Rogério Peninha Mendonça,MDB,SC,CD,FALSE,1537,0.5924,0.1791,0.21,0.0595
CD:160653,Roberto de Lucena,REPUBLICANOS,SP,CD,FALSE,1497,0.225,0.1195,0.0077,0.0793
CD:160655,Ricardo Izar,REPUBLICANOS,SP,CD,FALSE,1275,0.1491,0.0804,0.3512,0.072
CD:160665,Augusto Coutinho,REPUBLICANOS,PE,CD,FALSE,2406,0.1044,0.0516,0.7494,0.1199
CD:160666,Félix Mendonça Júnior,PDT,BA,CD,FALSE,2546,-0.338,0.1111,0.0799,0.0909
CD:160667,Guilherme Mussi,PP,SP,CD,FALSE,1053,0.2882,0.1007,0.9576,0.0576
CD:160669,Genecias Noronha,PL,CE,CD,FALSE,1340,0.3175,0.121,0.5597,0.1364
CD:160673,Giovani Cherini,PL,RS,CD,FALSE,2674,0.6492,0.1949,0.2955,0.0698
CD:160674,Hugo Motta,REPUBLICANOS,PB,CD,FALSE,1583,0.1508,0.0542,0.9886,0.0053
CD:160758,Domingos Sávio,PL,MG,CD,FALSE,2422,0.5482,0.1977,0.0247,0.0927
CD:160976,Tiririca,PSD,SP,CD,FALSE,2542,-0.1896,0.0548,0.2225,0.0556
CD:161440,Pezenti,MDB,SC,CD,FALSE,1024,0.8,0.2404,0.0265,0.0695
CD:161550,Emidinho Madeira,PL,MG,CD,FALSE,2222,0.4712,0.2004,-0.1116,0.1211
CD:162067,Kiko Celeguim,PT,SP,CD,FALSE,924,-0.7121,0.1447,0.433,0.1136
CD:162332,Luiz Nishimori,PSD,PR,CD,FALSE,2384,0.22,0.0851,0.5449,0.0841
CD:163321,Ronaldo Nogueira,REPUBLICANOS,RS,CD,FALSE,685,0.1335,0.0797,0.4071,0.0345
CD:164359,Delegado Waldir,UNIÃO,GO,CD,FALSE,1610,0.2771,0.1281,-0.0171,0.0986
CD:164360,Carmen Zanotto,CIDADANIA,SC,CD,FALSE,1845,0.0588,0.1242,-0.1444,0.0906
CD:165470,Rodrigo Valadares,PL,SE,CD,FALSE,911,0.7771,0.231,0.1817,0.0757
CD:166402,Magda Mofatto,PL,GO,CD,FALSE,2480,0.6286,0.1865,0.3364,0.0646
CD:168175,Simplício Araújo,SOLIDARIEDADE,MA,CD,FALSE,1,,,,
CD:171139,Loreny,SOLIDARIEDADE,SP,CD,FALSE,44,-0.0845,0.1184,0.2347,0.4841
CD:171617,Paulão,PT,AL,CD,FALSE,2678,-0.8076,0.1578,0.2802,0.0819
CD:171619,Margarida Salomão,PT,MG,CD,FALSE,520,-0.8099,0.1724,0.3402,0.1066
CD:171623,Fabio Reis,PSD,SE,CD,FALSE,2123,0.1581,0.0694,0.6895,0.113
CD:171786,Miguel Ângelo,PT,MG,CD,FALSE,832,-0.7443,0.1468,0.4424,0.131
CD:175765,Ribamar Silva,PODE,SP,CD,FALSE,434,0.0495,0.0716,0.2091,0.051
CD:177282,Subtenente Gonzaga,PSD,MG,CD,FALSE,1547,-0.3392,0.1248,-0.0414,0.1757
CD:178825,Leo de Brito,PT,AC,CD,FALSE,1253,-0.7994,0.1612,0.2063,0.0813
CD:178829,Capitão Augusto,PL,SP,CD,FALSE,2702,0.6279,0.1962,0.145,0.0722
CD:178830,Dr. Sinval Malheiros,PODE,SP,CD,FALSE,135,0.0855,0.0889,0.2051,0.0744
CD:178831,André Abdon,PP,AP,CD,FALSE,1741,0.2533,0.0808,0.9674,0.0175
CD:178832,Leandre,PSD,PR,CD,FALSE,1458,-0.0876,0.0929,0.0093,0.0858
CD:178833,Alexandre Serfiotis,PSD,RJ,CD,FALSE,589,-0.1239,0.0707,0.1715,0.0757
CD:178835,Afonso Motta,PDT,RS,CD,FALSE,2631,-0.3743,0.1219,-0.0125,0.0921
CD:178839,Jéssica Sales,MDB,AC,CD,FALSE,1252,0.0938,0.062,0.2641,0.0581
CD:178842,JHC,PSB,AL,CD,FALSE,494,-0.2561,0.1065,-0.1726,0.124
CD:178843,Marx Beltrão,UNIÃO,AL,CD,FALSE,2289,0.153,0.0683,0.6229,0.091
CD:178844,Pedro Vilela,PSDB,AL,CD,FALSE,1022,0.1335,0.0935,0.1216,0.0626
CD:178854,Elmar Nascimento,UNIÃO,BA,CD,FALSE,1270,0.2106,0.0714,0.8685,0.0966
CD:178857,Jorge Solla,PT,BA,CD,FALSE,2454,-0.8069,0.1588,0.221,0.0586
CD:178858,Mário Negromonte Jr.,PSB,BA,CD,FALSE,2445,0.0432,0.0345,0.9991,8e-04
CD:178860,Paulo Azi,UNIÃO,BA,CD,FALSE,2089,0.2185,0.0856,0.5037,0.0542
CD:178861,Ronaldo Carletto,PP,BA,CD,FALSE,1714,0.3942,0.1265,0.919,0.0415
CD:178862,Tia Eron,REPUBLICANOS,BA,CD,FALSE,730,0.2574,0.0995,0.9663,0.042
CD:178863,Uldurico Junior,MDB,BA,CD,FALSE,1457,0.1246,0.081,0.4111,0.06
CD:178866,Luizianne Lins,REDE,CE,CD,FALSE,2221,-0.7988,0.1583,0.2211,0.0649
CD:178868,Odorico Monteiro,PSB,CE,CD,FALSE,215,-0.5483,0.1398,-0.2041,0.1236
CD:178871,Evair Vieira de Melo,REPUBLICANOS,ES,CD,FALSE,2555,0.7458,0.2141,0.1653,0.0586
CD:178873,Helder Salomão,PT,ES,CD,FALSE,2688,-0.8008,0.1614,0.2264,0.0846
CD:178874,Sergio Vidigal,PDT,ES,CD,FALSE,486,-0.4962,0.1162,-0.5514,0.2113
CD:178876,Célio Silveira,MDB,GO,CD,FALSE,2418,0.1977,0.088,0.3302,0.0452
CD:178879,Lucas Vergilio,SOLIDARIEDADE,GO,CD,FALSE,1026,0.3276,0.1205,0.2404,0.0541
CD:178881,Aluisio Mendes,REPUBLICANOS,MA,CD,FALSE,2432,0.223,0.0837,0.8045,0.0912
CD:178882,André Fufuca,PP,MA,CD,FALSE,856,0.2808,0.0889,0.9598,0.0597
CD:178884,Hildo Rocha,MDB,MA,CD,FALSE,2149,0.0742,0.0571,0.3096,0.0549
CD:178886,Juscelino Filho,PSDB,MA,CD,FALSE,1687,0.143,0.0556,0.9413,0.0517
CD:178887,Rubens Pereira Júnior,PT,MA,CD,FALSE,1915,-0.7449,0.1502,0.2551,0.0546
CD:178888,Victor Mendes,MDB,MA,CD,FALSE,163,-0.0012,0.0404,0.5506,0.2581
CD:178889,Zé Carlos,PT,MA,CD,FALSE,1717,-0.7858,0.1612,0.1792,0.0693
CD:178895,Misael Varella,PSD,MG,CD,FALSE,2258,0.1868,0.0748,0.4992,0.0906
CD:178896,Newton Cardoso Jr,MDB,MG,CD,FALSE,1697,0.138,0.0709,0.457,0.0581
CD:178908,Delegado Éder Mauro,PL,PA,CD,FALSE,2083,0.6843,0.204,0.1723,0.0788
CD:178909,Hélio Leite,UNIÃO,PA,CD,FALSE,1820,0.2188,0.0882,0.5133,0.0895
CD:178910,Joaquim Passarinho,PL,PA,CD,FALSE,2925,0.5941,0.1934,0.0808,0.0748
CD:178912,Pedro Cunha Lima,PSDB,PB,CD,FALSE,1210,0.062,0.1237,-0.1052,0.085
CD:178916,Daniel Coelho,CIDADANIA,PE,CD,FALSE,1583,-0.0213,0.1742,-0.3692,0.1543
CD:178920,Ricardo Teobaldo,PODE,PE,CD,FALSE,1386,0.1666,0.1008,0.0442,0.0604
CD:178921,Sebastião Oliveira,AVANTE,PE,CD,FALSE,1308,0.3432,0.1203,0.9393,0.0376
CD:178922,Tadeu Alencar,PSB,PE,CD,FALSE,1448,-0.6178,0.1462,-0.3198,0.1231
CD:178924,Capitão Fábio Abreu,PSD,PI,CD,FALSE,1342,0.1206,0.0752,0.4342,0.0498
CD:178925,Rejane Dias,PT,PI,CD,FALSE,1672,-0.7778,0.1606,0.2712,0.0983
CD:178927,Aliel Machado,PV,PR,CD,FALSE,1762,-0.5675,0.154,-0.1887,0.0919
CD:178928,Christiane de Souza Yared,PP,PR,CD,FALSE,1837,0.2666,0.1081,0.4123,0.0382
CD:178929,Diego Garcia,UNIÃO,PR,CD,FALSE,2521,0.3631,0.1615,-0.0376,0.0618
CD:178930,Roman,PP,PR,CD,FALSE,1274,0.4793,0.1583,0.3179,0.0611
CD:178931,Luciano Ducci,PSB,PR,CD,FALSE,2535,-0.2529,0.0753,0.2052,0.0611
CD:178933,Sergio Souza,MDB,PR,CD,FALSE,2452,0.2393,0.0856,0.6405,0.1139
CD:178934,Toninho Wandscheer,PP,PR,CD,FALSE,2568,0.1755,0.0653,0.8583,0.0857
CD:178935,Rossoni,PSDB,PR,CD,FALSE,590,0.3589,0.1239,0.4008,0.0844
CD:178937,Altineu Côrtes,PL,RJ,CD,FALSE,1442,0.5248,0.1621,0.4289,0.0721
CD:178939,Clarissa Garotinho,UNIÃO,RJ,CD,FALSE,1436,-0.1182,0.0542,0.1955,0.0792
CD:178943,Marcos Soares,PSDB,RJ,CD,FALSE,1191,0.2771,0.115,0.1974,0.0508
CD:178945,Rosangela Gomes,REPUBLICANOS,RJ,CD,FALSE,1579,0.2635,0.099,0.9647,0.0641
CD:178946,Soraya Santos,PL,RJ,CD,FALSE,1965,0.5509,0.1735,0.2557,0.0665
CD:178947,Sóstenes Cavalcante,PL,RJ,CD,FALSE,1708,0.5902,0.1978,0.1029,0.0838
CD:178948,Beto Rosado,PP,RN,CD,FALSE,1201,0.2961,0.1064,0.9552,0.0257
CD:178951,Rafael Motta,PSB,RN,CD,FALSE,1386,-0.5469,0.1487,-0.2204,0.0818
CD:178952,Walter Alves,MDB,RN,CD,FALSE,1331,0.1671,0.0907,0.5313,0.1112
CD:178953,Expedito Netto,PSD,RO,CD,FALSE,1709,-0.0262,0.0427,0.2689,0.0431
CD:178954,Lucio Mosquini,PL,RO,CD,FALSE,1780,0.3593,0.1338,0.2657,0.0573
CD:178956,Mariana Carvalho,REPUBLICANOS,RO,CD,FALSE,1512,0.2091,0.0959,0.1656,0.0609
CD:178961,Shéridan,PSDB,RR,CD,FALSE,1352,0.0712,0.0691,0.1671,0.0544
CD:178962,Carlos Gomes,REPUBLICANOS,RS,CD,FALSE,2048,0.2678,0.0819,0.9635,0.026
CD:178963,Covatti Filho,PP,RS,CD,FALSE,1780,0.581,0.1748,0.2938,0.0776
CD:178964,Heitor Schuch,PSD,RS,CD,FALSE,2032,-0.5231,0.1498,-0.2245,0.0816
CD:178966,Geovania de Sá,REPUBLICANOS,SC,CD,FALSE,2307,0.5605,0.1832,0.1023,0.0669
CD:178969,Fábio Mitidieri,PSD,SE,CD,FALSE,1172,0.0225,0.0487,0.4948,0.0516
CD:178970,João Daniel,PT,SE,CD,FALSE,2484,-0.7644,0.1598,0.2506,0.0839
CD:178972,Alex Manente,CIDADANIA,SP,CD,FALSE,1786,0.0836,0.0878,-0.0913,0.0817
CD:178975,Baleia Rossi,MDB,SP,CD,FALSE,1840,0.1213,0.0604,0.5355,0.0881
CD:178977,Eduardo Cury,PSDB,SP,CD,FALSE,1598,0.1529,0.1608,-0.1987,0.0964
CD:178981,Herculano Passos,REPUBLICANOS,SP,CD,FALSE,1787,0.1908,0.09,0.3543,0.0486
CD:178982,Luiz Lauro Filho,PSDB,SP,CD,FALSE,83,0.153,0.1039,0.0696,0.1955
CD:178983,Marcio Alvino,PL,SP,CD,FALSE,2904,0.6855,0.2005,0.2353,0.0581
CD:178984,Miguel Haddad,PSDB,SP,CD,FALSE,284,0.081,0.1748,-0.224,0.1117
CD:178985,Miguel Lombardi,PL,SP,CD,FALSE,2774,0.5733,0.1843,0.1682,0.0888
CD:178986,Nilto Tatto,PT,SP,CD,FALSE,2718,-0.7859,0.1537,0.1981,0.0819
CD:178987,Orlando Silva,PCdoB,SP,CD,FALSE,2369,-0.6572,0.1516,0.1942,0.0784
CD:178989,Renata Abreu,PODE,SP,CD,FALSE,1922,0.019,0.0735,0.044,0.0561
CD:178990,Samuel Moreira,PSDB,SP,CD,FALSE,1857,0.0884,0.1458,-0.1741,0.0852
CD:178992,Vitor Lippi,PSD,SP,CD,FALSE,2607,0.1005,0.0739,0.0593,0.0647
CD:178993,Carlos Henrique Gaguim,UNIÃO,TO,CD,FALSE,2759,0.1978,0.0754,0.7628,0.1313
CD:178994,Dulce Miranda,MDB,TO,CD,FALSE,1688,0.1095,0.0709,0.3816,0.0457
CD:178996,Giovani Feltes,MDB,RS,CD,FALSE,1726,0.196,0.0842,0.2048,0.0403
CD:178997,Moses Rodrigues,UNIÃO,CE,CD,FALSE,1909,0.094,0.0514,0.6069,0.1177
CD:179000,Marcelo Álvaro Antônio,PL,MG,CD,FALSE,1795,0.6386,0.193,0.1978,0.076
CD:179001,Márcio Biolchi,MDB,RS,CD,FALSE,2421,0.1724,0.0817,0.3502,0.0574
CD:179587,Major Vitor Hugo,PL,GO,CD,FALSE,1512,0.7233,0.2152,0.077,0.0919
CD:180214,Pastor Diniz,UNIÃO,RR,CD,FALSE,923,0.6052,0.1947,0.1089,0.0582
CD:182146,Wolmer Araújo,SOLIDARIEDADE,MA,CD,FALSE,67,-0.1509,0.1357,0.9848,0.3068
CD:188097,Merlong Solano,PT,PI,CD,FALSE,2501,-0.7337,0.1513,0.2689,0.0806
CD:191923,Flávio Nogueira,PT,PI,CD,FALSE,2802,-0.2417,0.0417,0.7046,0.1183
CD:191945,Zé Augusto Nalin,DEM,RJ,CD,FALSE,130,0.1875,0.1476,0.8937,0.1121
CD:193726,Paulo Eduardo Martins,PL,PR,CD,FALSE,1713,0.8891,0.2537,-0.4086,0.2053
CD:194260,Nivaldo Albuquerque,UNIÃO,AL,CD,FALSE,1413,0.3652,0.1243,0.6954,0.1274
CD:195866,Vaidon Oliveira,UNIÃO,CE,CD,FALSE,1257,0.336,0.1293,0.7196,0.129
CD:196358,Lourival Gomes,PP,RJ,CD,FALSE,1719,0.4148,0.1415,0.1388,0.0723
CD:197438,Tito,AVANTE,BA,CD,FALSE,1728,0.3596,0.1376,0.1245,0.0764
CD:198197,Greyce Elias,PL,MG,CD,FALSE,2187,0.411,0.1361,0.3395,0.0679
CD:198783,Emanuel Pinheiro Neto,PSD,MT,CD,FALSE,2189,0.0099,0.0377,0.3947,0.0478
CD:204351,Dr. Luiz Ovando,PP,MS,CD,FALSE,2653,0.4243,0.1412,0.3044,0.0533
CD:204352,Camilo Capiberibe,PSB,AP,CD,FALSE,1677,-0.6835,0.1586,-0.2173,0.0716
CD:204353,Aline Gurgel,UNIÃO,AP,CD,FALSE,1381,0.1769,0.0754,0.939,0.0475
CD:204354,Flávia Arruda,PL,DF,CD,FALSE,810,0.3315,0.1217,0.465,0.1295
CD:204355,Da Vitoria,PP,ES,CD,FALSE,2792,0.1967,0.0978,0.214,0.0299
CD:204356,Amaro Neto,PP,ES,CD,FALSE,2928,0.2116,0.0736,0.969,0.0153
CD:204357,Rose Modesto,UNIÃO,MS,CD,FALSE,1611,-0.0348,0.0826,0.0528,0.0866
CD:204358,Beto Pereira,REPUBLICANOS,MS,CD,FALSE,2330,0.1966,0.1035,0.1264,0.0449
CD:204359,Léo Moraes,PODE,RO,CD,FALSE,1779,0.0534,0.1557,-0.2469,0.0897
CD:204360,Silvia Cristina,PP,RO,CD,FALSE,2800,-0.0067,0.0776,-0.5771,0.3839
CD:204361,Carlos Chiodini,MDB,SC,CD,FALSE,1670,0.2378,0.0987,0.2361,0.056
CD:204362,Ricardo Guidi,PL,SC,CD,FALSE,2313,0.5945,0.188,0.1398,0.0563
CD:204363,Osires Damaso,PSC,TO,CD,FALSE,1574,0.3837,0.1414,0.3924,0.0801
CD:204364,Eli Borges,REPUBLICANOS,TO,CD,FALSE,2239,0.4777,0.1912,-0.0525,0.1209
CD:204365,Gilson Marques,NOVO,SC,CD,FALSE,3015,0.6547,0.1149,-0.7559,0.1315
CD:204366,Rodrigo Coelho,PODE,SC,CD,FALSE,1820,0.5108,0.1999,-0.3234,0.1601
CD:204367,Daniel Freitas,PL,SC,CD,FALSE,2767,0.8064,0.2352,-0.0502,0.1028
CD:204368,Fabio Schiochet,UNIÃO,SC,CD,FALSE,2690,0.4826,0.1584,0.2236,0.0491
CD:204369,Caroline de Toni,PL,SC,CD,FALSE,2725,0.8231,0.2445,-0.1506,0.1088
CD:204370,Célio Moura,PT,TO,CD,FALSE,1722,-0.7985,0.1623,0.2454,0.0778
CD:204371,Felipe Rigoni,UNIÃO,ES,CD,FALSE,1610,-0.0204,0.1462,-0.9194,0.0724
CD:204372,Julio Cesar Ribeiro,REPUBLICANOS,DF,CD,FALSE,2563,0.2332,0.0803,0.9724,0.0197
CD:204373,Hélio Costa,PSD,SC,CD,FALSE,1803,0.194,0.0833,0.2565,0.0422
CD:204374,Bia Kicis,PL,DF,CD,FALSE,2737,0.7811,0.2305,-0.0137,0.0785
CD:204375,Leda Sadala,PP,AP,CD,FALSE,1314,0.2593,0.1162,0.5228,0.1031
CD:204376,Coronel Armando,PP,SC,CD,FALSE,1841,0.5878,0.1815,0.1981,0.0643
CD:204377,Paula Belmonte,CIDADANIA,DF,CD,FALSE,1702,0.291,0.2232,-0.4813,0.1777
CD:204378,Coronel Chrisóstomo,PL,RO,CD,FALSE,2732,0.7059,0.2134,0.0982,0.0888
CD:204379,Acácio Favacho,MDB,AP,CD,FALSE,2277,0.1992,0.0768,0.8099,0.0815
CD:204380,Celina Leão,PP,DF,CD,FALSE,976,0.289,0.1257,0.689,0.1366
CD:204381,Luis Miranda,REPUBLICANOS,DF,CD,FALSE,1678,0.2994,0.1091,0.2959,0.0729
CD:204382,Loester Trutis,PL,MS,CD,FALSE,1609,0.4663,0.1651,0.02,0.1048
CD:204383,Professor Israel Batista,PSB,DF,CD,FALSE,1775,-0.5826,0.1524,-0.3434,0.1118
CD:204384,Ney Leprevost,UNIÃO,PR,CD,FALSE,339,0.0835,0.0721,0.2052,0.1339
CD:204385,Valdevan Noventa,PL,SE,CD,FALSE,1288,0.016,0.0628,0.506,0.0599
CD:204386,Jose Mario Schreiner,MDB,GO,CD,FALSE,1817,0.369,0.1318,0.4431,0.0673
CD:204387,Sargento Fahur,PL,PR,CD,FALSE,2996,0.8355,0.2527,-0.2057,0.1209
CD:204388,Bibo Nunes,PL,RS,CD,FALSE,2912,0.6802,0.2075,0.1189,0.0796
CD:204389,Elias Vaz,PSB,GO,CD,FALSE,1741,-0.6725,0.1654,-0.5416,0.0625
CD:204390,Professor Alcides,PSDB,GO,CD,FALSE,2471,0.5657,0.1737,0.3327,0.072
CD:204391,José Nelto,UNIÃO,GO,CD,FALSE,1745,0.0647,0.0578,0.1684,0.0591
CD:204392,Francisco Jr.,PSD,GO,CD,FALSE,1729,0.3363,0.1215,0.4238,0.0937
CD:204393,Frei Anastacio Ribeiro,PT,PB,CD,FALSE,1719,-0.8094,0.1662,0.2228,0.0778
CD:204394,Gervásio Maia,PCdoB,PB,CD,FALSE,2836,-0.6196,0.1567,-0.1286,0.0534
CD:204395,Pedro Lupion,REPUBLICANOS,PR,CD,FALSE,2127,0.5108,0.1578,0.4051,0.0735
CD:204396,Vermelho,PL,PR,CD,FALSE,1968,0.4315,0.1409,0.3925,0.0772
CD:204397,Boca Aberta,PROS,PR,CD,FALSE,744,-0.0667,0.0406,0.2502,0.0667
CD:204398,Felipe Francischini,PODE,PR,CD,FALSE,2717,0.5249,0.1676,0.2315,0.0553
CD:204399,Schiavinato,PP,PR,CD,FALSE,672,0.3819,0.1143,0.9242,0.0483
CD:204400,Aline Sleutjes,PROS,PR,CD,FALSE,1706,0.6535,0.1999,0.0924,0.1
CD:204403,Marlon Santos,PL,RS,CD,FALSE,1276,0.1546,0.093,0.4715,0.0643
CD:204404,Lucas Redecker,PSD,RS,CD,FALSE,2887,0.4784,0.2297,-0.4134,0.1671
CD:204405,Liziane Bayer,REPUBLICANOS,RS,CD,FALSE,1806,-0.0185,0.0596,0.1735,0.0893
CD:204406,Pedro Westphalen,PP,RS,CD,FALSE,2569,0.4751,0.153,0.2949,0.0533
CD:204407,Fernanda Melchionna,PSOL,RS,CD,FALSE,2532,-0.7997,0.0876,-0.6003,0.1102
CD:204408,Gustinho Ribeiro,PP,SE,CD,FALSE,2539,0.1857,0.0674,0.9826,0.0125
CD:204409,Daniel Trzeciak,PSDB,RS,CD,FALSE,2695,0.3633,0.1989,-0.4078,0.1748
CD:204410,Luisa Canziani,UNIÃO,PR,CD,FALSE,1679,0.3016,0.1151,0.2799,0.0288
CD:204411,Filipe Barros,PL,PR,CD,FALSE,2240,0.753,0.2215,0.0627,0.0933
CD:204412,Dr. Zacharias Calil,MDB,GO,CD,FALSE,2819,0.4052,0.151,0.152,0.0574
CD:204413,Alcides Rodrigues,PATRIOTA,GO,CD,FALSE,1576,0.4405,0.1425,0.4253,0.1039
CD:204414,Aroldo Martins,REPUBLICANOS,PR,CD,FALSE,1616,0.3442,0.1169,0.9389,0.0462
CD:204415,Nereu Crispim,PSD,RS,CD,FALSE,1733,0.2957,0.1127,0.2839,0.0546
CD:204416,Sanderson,PL,RS,CD,FALSE,2698,0.7675,0.2302,-0.0221,0.0945
CD:204418,Luizão Goulart,SOLIDARIEDADE,PR,CD,FALSE,1718,0.2664,0.116,0.5864,0.0852
CD:204419,Glaustin da Fokus,PODE,GO,CD,FALSE,2212,0.2445,0.0938,0.4759,0.0748
CD:204420,Julian Lemos,UNIÃO,PB,CD,FALSE,1620,0.3553,0.1288,0.1315,0.0668
CD:204421,Edna Henrique,REPUBLICANOS,PB,CD,FALSE,1268,0.1116,0.0768,0.1686,0.0873
CD:204422,Ossesio Silva,REPUBLICANOS,PE,CD,FALSE,2729,0.2004,0.067,0.9797,0.0215
CD:204423,André Ferreira,PL,PE,CD,FALSE,1873,0.5888,0.1795,0.3501,0.0792
CD:204425,Silvio Costa Filho,REPUBLICANOS,PE,CD,FALSE,1616,0.1192,0.0578,0.9929,0.0061
CD:204426,Carlos Veras,PT,PE,CD,FALSE,2633,-0.79,0.1585,0.2867,0.073
CD:204427,Fernando Rodolfo,PRD,PE,CD,FALSE,2250,0.3283,0.1735,-0.102,0.1224
CD:204428,Marília Arraes,SOLIDARIEDADE,PE,CD,FALSE,1476,-0.8004,0.1657,0.2518,0.075
CD:204429,João H. Campos,PSB,PE,CD,FALSE,509,-0.6352,0.1403,-0.0705,0.1072
CD:204430,Margarete Coelho,PP,PI,CD,FALSE,1363,0.2332,0.0993,0.9724,0.0876
CD:204431,Marcos Aurélio Sampaio,MDB,PI,CD,FALSE,2450,0.1062,0.0502,0.7357,0.1392
CD:204432,Marina Santos,REPUBLICANOS,PI,CD,FALSE,1803,0.2785,0.1184,0.7256,0.1212
CD:204433,Marcelo Calero,PSD,RJ,CD,FALSE,1042,-0.14,0.123,-0.4182,0.2154
CD:204434,Dra. Vanda Milani,PROS,AC,CD,FALSE,1556,0.3039,0.1237,0.6112,0.0828
CD:204435,Jesus Sérgio,PDT,AC,CD,FALSE,1607,-0.4333,0.1252,-0.0094,0.1219
CD:204436,Isnaldo Bulhões Jr.,MDB,AL,CD,FALSE,1360,0.1103,0.0602,0.7591,0.1198
CD:204437,Severino Pessoa,MDB,AL,CD,FALSE,1288,0.2906,0.1195,0.7873,0.1308
CD:204438,Sergio Toledo,PV,AL,CD,FALSE,1401,0.1169,0.0897,0.9931,0.0227
CD:204439,Dr. Leonardo,REPUBLICANOS,MT,CD,FALSE,1615,0.176,0.0831,0.3608,0.0524
CD:204440,Christino Aureo,PP,RJ,CD,FALSE,1691,0.3136,0.1072,0.9282,0.0295
CD:204441,Otoni de Paula,PSD,RJ,CD,FALSE,2057,0.333,0.1225,0.2962,0.044
CD:204442,Gurgel,PL,RJ,CD,FALSE,1769,0.5647,0.175,0.1621,0.0855
CD:204444,Helio Lopes,PL,RJ,CD,FALSE,2469,0.6981,0.21,0.0921,0.0867
CD:204445,Fernando Mineiro,PT,RN,CD,FALSE,911,-0.7616,0.1439,0.2915,0.0977
CD:204446,Professor Joziel,PATRIOTA,RJ,CD,FALSE,1616,0.5193,0.1763,0.0198,0.1092
CD:204447,Flordelis,PSD,RJ,CD,FALSE,913,0.2946,0.1254,0.797,0.0831
CD:204448,Luiz Antônio Corrêa,PP,RJ,CD,FALSE,2056,0.2474,0.0791,0.9689,0.0268
CD:204449,Nelson Barbudo,PODE,MT,CD,FALSE,1971,0.6613,0.1977,0.1588,0.0692
CD:204450,Doutor Luizinho,PP,RJ,CD,FALSE,1682,0.2476,0.0786,0.9689,0.0138
CD:204451,Delegado Antônio Furtado,UNIÃO,RJ,CD,FALSE,1623,0.254,0.1198,0.0487,0.0885
CD:204452,Márcio Labre,PL,RJ,CD,FALSE,1726,0.6278,0.1924,0.1473,0.088
CD:204453,Natália Bonavides,PT,RN,CD,FALSE,2585,-0.8243,0.16,0.053,0.0451
CD:204454,Daniel Silveira,PTB,RJ,CD,FALSE,1361,0.6994,0.2058,0.144,0.0826
CD:204455,Luiz Lima,NOVO,RJ,CD,FALSE,2973,0.7674,0.2278,-0.0349,0.0774
CD:204456,Gutemberg Reis,MDB,RJ,CD,FALSE,2569,0.1391,0.0579,0.7072,0.0946
CD:204457,Juninho do Pneu,PSDB,RJ,CD,FALSE,2473,0.1565,0.0642,0.772,0.1114
CD:204458,Major Fabiana,PL,RJ,CD,FALSE,1632,0.7074,0.2124,0.0995,0.0891
CD:204459,Daniela do Waguinho,REPUBLICANOS,RJ,CD,FALSE,2560,0.0316,0.045,0.7538,0.1058
CD:204460,Carlos Jordy,PL,RJ,CD,FALSE,2732,0.7934,0.2315,0.0186,0.0934
CD:204461,Paulo Ganime,NOVO,RJ,CD,FALSE,1871,0.634,0.1098,-0.7733,0.1314
CD:204462,Chris Tonietto,PL,RJ,CD,FALSE,2495,0.8153,0.2519,-0.1869,0.1218
CD:204463,Wladimir Garotinho,PSD,RJ,CD,FALSE,458,0.0989,0.0803,0.4479,0.1021
CD:204464,Talíria Petrone,PSOL,RJ,CD,FALSE,1898,-0.7948,0.0991,-0.6068,0.1244
CD:204465,Haroldo Cathedral,PSD,RR,CD,FALSE,1396,0.3104,0.1269,0.5022,0.0456
CD:204466,Tereza Nelma,PSD,AL,CD,FALSE,1371,-0.107,0.0799,0.0734,0.0632
CD:204467,Professora Rosa Neide,PT,MT,CD,FALSE,1736,-0.799,0.165,0.2336,0.0829
CD:204468,Joenia Wapichana,REDE,RR,CD,FALSE,1721,-0.6091,0.152,-0.5199,0.1408
CD:204469,Manuel Marcos,REPUBLICANOS,AC,CD,FALSE,482,0.3904,0.1297,0.8068,0.1233
CD:204471,Mara Rocha,MDB,AC,CD,FALSE,1806,0.0797,0.0973,0.0544,0.1003
CD:204472,José Medeiros,PL,MT,CD,FALSE,2508,0.6633,0.2079,0.0723,0.084
CD:204473,General Girão,PL,RN,CD,FALSE,2652,0.6887,0.2126,0.0413,0.0885
CD:204474,Juarez Costa,REPUBLICANOS,MT,CD,FALSE,2252,0.1272,0.0616,0.4992,0.0595
CD:204475,Ottaci Nascimento,SOLIDARIEDADE,RR,CD,FALSE,1339,0.2499,0.1106,0.6734,0.1305
CD:204476,Chiquinho Brazão,UNIÃO,RJ,CD,FALSE,1903,0.2959,0.1001,0.7463,0.0975
CD:204477,Felício Laterça,PP,RJ,CD,FALSE,1819,0.5074,0.1722,0.0692,0.0999
CD:204478,Vinicius Farah,UNIÃO,RJ,CD,FALSE,947,0.1447,0.0851,0.4659,0.1138
CD:204479,Nicoletti,PL,RR,CD,FALSE,2611,0.7,0.2158,0.0251,0.1006
CD:204480,Rogério Correia,PT,MG,CD,FALSE,2690,-0.8165,0.1602,0.2307,0.0638
CD:204481,Dr. Jaziel,PL,CE,CD,FALSE,2302,0.6847,0.2187,-0.0394,0.0838
CD:204482,Euclydes Pettersen,REPUBLICANOS,MG,CD,FALSE,1834,0.1847,0.0722,0.6294,0.0923
CD:204483,Vilson da Fetaemg,PSB,MG,CD,FALSE,1784,-0.6181,0.145,-0.2749,0.0704
CD:204484,General Peternelli,UNIÃO,SP,CD,FALSE,1827,0.6221,0.193,0.0854,0.0766
CD:204485,Luiz Carlos Motta,PL,SP,CD,FALSE,2667,0.4647,0.1514,0.3177,0.0664
CD:204486,Mauro Benevides Filho,UNIÃO,CE,CD,FALSE,2073,-0.4329,0.1265,0.0575,0.0905
CD:204487,Capitão Wagner,UNIÃO,CE,CD,FALSE,1329,0.0632,0.0754,0.15,0.0985
CD:204488,Célio Studart,PSD,CE,CD,FALSE,2346,-0.367,0.1165,-0.5187,0.2392
CD:204489,Robério Monteiro,PSB,CE,CD,FALSE,2176,-0.4117,0.1139,0.1282,0.0805
CD:204490,Charlles Evangelista,PP,MG,CD,FALSE,1649,0.5531,0.1813,0.0732,0.0862
CD:204491,Gilberto Abramo,REPUBLICANOS,MG,CD,FALSE,2526,0.2164,0.0696,0.9763,0.0095
CD:204492,Paulo Guedes,PT,MG,CD,FALSE,2760,-0.7723,0.1564,0.3144,0.084
CD:204494,Fred Costa,PRD,MG,CD,FALSE,1651,0.143,0.076,0.4226,0.0659
CD:204495,Airton Faleiro,PT,PA,CD,FALSE,2510,-0.7846,0.1589,0.2601,0.0692
CD:204496,Celso Sabino,PDT,PA,CD,FALSE,1519,0.2059,0.0791,0.7484,0.1281
CD:204497,Júnior Ferrari,PSD,PA,CD,FALSE,2681,0.2235,0.0974,0.2618,0.0318
CD:204498,Olival Marques,PODE,PA,CD,FALSE,2533,0.2446,0.0912,0.5904,0.0699
CD:204499,Cássio Andrade,PSB,PA,CD,FALSE,1149,-0.348,0.0993,0.1316,0.0689
CD:204500,Eduardo Costa,PSD,PA,CD,FALSE,1522,0.239,0.1136,0.5118,0.0712
CD:204501,Alencar Santana,PT,SP,CD,FALSE,2428,-0.7988,0.1576,0.2935,0.0784
CD:204502,Bozzella,UNIÃO,SP,CD,FALSE,1698,0.0111,0.1473,-0.2288,0.0968
CD:204503,Alexandre Padilha,PT,SP,CD,FALSE,1652,-0.8261,0.1672,0.2588,0.0866
CD:204504,Cezinha de Madureira,PL,SP,CD,FALSE,2498,0.2355,0.0848,0.8523,0.0925
CD:204505,Vavá Martins,REPUBLICANOS,PA,CD,FALSE,1483,0.2788,0.1022,0.9604,0.0269
CD:204506,Marcos Pereira,REPUBLICANOS,SP,CD,FALSE,1922,0.2433,0.0784,0.9699,0.0211
CD:204507,Carla Zambelli,PL,SP,CD,FALSE,2263,0.8046,0.2362,-0.088,0.0997
CD:204508,Igor Timo,UNIÃO,MG,CD,FALSE,2162,0.0599,0.055,0.2605,0.0318
CD:204509,Áurea Carolina,PSOL,MG,CD,FALSE,1229,-0.8513,0.1046,-0.5247,0.1408
CD:204510,Franco Cartafina,PP,MG,CD,FALSE,1598,0.3028,0.1134,0.1933,0.0597
CD:204511,David Soares,PODE,SP,CD,FALSE,1906,0.3607,0.1359,0.188,0.0476
CD:204512,Delegado Marcelo Freitas,UNIÃO,MG,CD,FALSE,2818,0.2614,0.0981,0.4334,0.0541
CD:204513,Guiga Peixoto,PSC,SP,CD,FALSE,1910,0.7579,0.2331,-0.196,0.119
CD:204514,Coronel Tadeu,PL,SP,CD,FALSE,1675,0.6878,0.2089,0.0327,0.1009
CD:204515,André Janones,REDE,MG,CD,FALSE,2625,-0.3489,0.1164,-0.0268,0.036
CD:204516,Alexis Fonteyne,NOVO,SP,CD,FALSE,1861,0.6054,0.1177,-0.7959,0.1381
CD:204517,Zé Vitor,PL,MG,CD,FALSE,1831,0.4552,0.1597,0.1483,0.0637
CD:204518,Dr. Frederico,PL,MG,CD,FALSE,2240,0.6684,0.2104,0.0197,0.0901
CD:204519,Tiago Mitraud,NOVO,MG,CD,FALSE,1951,0.6056,0.1154,-0.7958,0.1298
CD:204520,Junio Amaral,PL,MG,CD,FALSE,2746,0.8712,0.258,-0.2092,0.1392
CD:204521,Abou Anni,UNIÃO,SP,CD,FALSE,1643,0.4269,0.1483,0.0949,0.0858
CD:204522,Marco Bertaiolli,PSD,SP,CD,FALSE,1797,0.2596,0.1052,0.4204,0.061
CD:204523,Lucas Gonzalez,NOVO,MG,CD,FALSE,1831,0.6277,0.1023,-0.7785,0.1198
CD:204524,Pinheirinho,PP,MG,CD,FALSE,1668,0.2843,0.0904,0.8486,0.0608
CD:204525,Rosana Valle,PL,SP,CD,FALSE,2783,0.1743,0.1248,-0.7665,0.2247
CD:204526,Luiz Philippe de Orleans e Bragança,PL,SP,CD,FALSE,2476,0.8996,0.2416,-0.4367,0.1896
CD:204527,Geninho Zuliani,UNIÃO,SP,CD,FALSE,988,0.2941,0.1217,0.3233,0.0487
CD:204528,Adriana Ventura,NOVO,SP,CD,FALSE,2959,0.6507,0.1183,-0.7593,0.1358
CD:204529,Policial Katia Sastre,PL,SP,CD,FALSE,1688,0.468,0.1538,0.3125,0.062
CD:204530,Rodrigo Agostinho,PSB,SP,CD,FALSE,1845,-0.4533,0.1492,-0.6241,0.1923
CD:204531,Guilherme Derrite,PP,SP,CD,FALSE,1891,0.7775,0.2323,-0.1498,0.1039
CD:204532,Vinicius Poit,NOVO,SP,CD,FALSE,1908,0.6055,0.123,-0.7959,0.142
CD:204533,Idilvan Alencar,PSB,CE,CD,FALSE,2380,-0.6128,0.163,-0.2968,0.131
CD:204534,Tabata Amaral,PSB,SP,CD,FALSE,2707,-0.2923,0.0849,-0.9056,0.0335
CD:204535,Sâmia Bomfim,PSOL,SP,CD,FALSE,2089,-0.8018,0.1004,-0.5975,0.1275
CD:204536,Kim Kataguiri,MISSÃO,SP,CD,FALSE,2325,0.5745,0.1808,-0.8185,0.2801
CD:204537,Enrico Misasi,MDB,SP,CD,FALSE,1640,-0.0541,0.1328,-0.1882,0.1002
CD:204538,Paulo Bengtson,PTB,PA,CD,FALSE,1322,0.3985,0.1411,0.4764,0.1045
CD:204539,Hercílio Coelho Diniz,MDB,MG,CD,FALSE,2137,0.153,0.0731,0.4581,0.0558
CD:204540,Maria Rosas,REPUBLICANOS,SP,CD,FALSE,2602,0.212,0.0733,0.8823,0.0805
CD:204541,Eduardo Bismarck,PV,CE,CD,FALSE,2217,-0.3849,0.11,0.1303,0.089
CD:204542,Denis Bezerra,PSB,CE,CD,FALSE,1459,-0.6375,0.144,-0.3152,0.1006
CD:204543,Luiz Flávio Gomes,PSB,SP,CD,FALSE,164,-0.3707,0.1181,-0.9288,0.1872
CD:204544,Alexandre Frota,PROS,SP,CD,FALSE,1654,-0.3482,0.1473,-0.2478,0.1492
CD:204545,Alê Silva,REPUBLICANOS,MG,CD,FALSE,1783,0.6741,0.2049,0.1265,0.0797
CD:204546,Joice Hasselmann,PSDB,SP,CD,FALSE,1534,0.1697,0.2217,-0.5164,0.1765
CD:204547,Léo Motta,REPUBLICANOS,MG,CD,FALSE,1169,0.5582,0.1791,0.0908,0.0907
CD:204548,Heitor Freire,UNIÃO,CE,CD,FALSE,1545,0.5488,0.1862,-0.0178,0.0965
CD:204549,AJ Albuquerque,PP,CE,CD,FALSE,2269,0.1859,0.0658,0.9826,0.012
CD:204550,Júnior Mano,PSB,CE,CD,FALSE,1527,0.1614,0.0589,0.9869,0.026
CD:204551,Bosco Saraiva,SOLIDARIEDADE,AM,CD,FALSE,1383,0.2633,0.106,0.5985,0.0942
CD:204552,Eduardo Braide,PODE,MA,CD,FALSE,592,-0.3211,0.133,-0.1665,0.136
CD:204553,Pastor Sargento Isidório,AVANTE,BA,CD,FALSE,2711,-0.4081,0.111,0.158,0.0385
CD:204554,Abílio Santana,PSC,BA,CD,FALSE,1497,0.3808,0.1186,0.9247,0.049
CD:204555,José Ricardo,PT,AM,CD,FALSE,1652,-0.8159,0.1646,0.2126,0.0615
CD:204556,Marcelo Ramos,PSD,AM,CD,FALSE,1089,0.179,0.1012,0.5431,0.1943
CD:204557,Sidney Leite,PSD,AM,CD,FALSE,2239,0.0873,0.0662,0.1416,0.0603
CD:204558,Marcelo Nilo,REPUBLICANOS,BA,CD,FALSE,1816,-0.3678,0.1278,-0.0913,0.119
CD:204559,Zé Neto,PT,BA,CD,FALSE,2291,-0.7467,0.1556,0.2202,0.064
CD:204560,Adolfo Viana,PSDB,BA,CD,FALSE,2052,0.1887,0.0778,0.6094,0.0944
CD:204561,Bira do Pindaré,PSB,MA,CD,FALSE,1677,-0.7196,0.1565,-0.2755,0.0485
CD:204562,Edilázio Júnior,PSD,MA,CD,FALSE,1489,0.3702,0.1275,0.79,0.0781
CD:204563,Josimar Maranhãozinho,PL,MA,CD,FALSE,1377,0.4426,0.145,0.3567,0.056
CD:204564,Igor Kannário,UNIÃO,BA,CD,FALSE,1095,0.1787,0.0923,0.4082,0.0469
CD:204565,Professora Dayane Pimentel,UNIÃO,BA,CD,FALSE,1625,0.2149,0.1997,-0.335,0.1048
CD:204566,Marreca Filho,PRD,MA,CD,FALSE,1973,0.1182,0.0633,0.5629,0.1088
CD:204567,Raimundo Costa,PSD,BA,CD,FALSE,2211,0.1017,0.0518,0.7867,0.1477
CD:204569,Delegado Pablo,UNIÃO,AM,CD,FALSE,1482,0.5436,0.1743,0.1365,0.0752
CD:204570,Pastor Gil,PL,MA,CD,FALSE,2117,0.5291,0.1643,0.3584,0.0607
CD:204571,Alex Santana,REPUBLICANOS,BA,CD,FALSE,2099,0.0392,0.0479,0.3883,0.0524
CD:204572,Capitão Alberto Neto,PL,AM,CD,FALSE,2431,0.6291,0.1984,0.0818,0.0756
CD:204573,Otto Alencar Filho,PSD,BA,CD,FALSE,2572,-0.0549,0.0259,0.438,0.0626
CD:204574,Junior Lourenço,MDB,MA,CD,FALSE,1596,0.1776,0.0601,0.9841,0.0263
CD:204575,Gil Cutrim,REPUBLICANOS,MA,CD,FALSE,1595,0.2124,0.11,0.749,0.1236
CD:204576,João Roma,PL,BA,CD,FALSE,812,0.4311,0.1428,0.503,0.1136
CD:205476,Charles Fernandes,PSD,BA,CD,FALSE,2615,0.0305,0.0431,0.545,0.0931
CD:205535,Patricia Ferraz,PL,AP,CD,FALSE,228,0.1951,0.1033,0.2094,0.1669
CD:205548,David Miranda,PDT,RJ,CD,FALSE,1434,-0.8463,0.1347,-0.5327,0.1762
CD:205550,Jorge Braz,REPUBLICANOS,RJ,CD,FALSE,2759,0.2325,0.0782,0.9726,0.0119
CD:205863,Marcelo Brum,REPUBLICANOS,RS,CD,FALSE,1378,0.6463,0.193,0.2114,0.0732
CD:205865,Reinhold Stephanes,PSD,PR,CD,FALSE,1844,0.5411,0.1662,0.3232,0.0406
CD:206018,Célia Xakriabá,PSOL,MG,CD,FALSE,842,-0.7372,0.0824,-0.6757,0.1145
CD:206231,Ted Conti,PSB,ES,CD,FALSE,1464,-0.4415,0.1481,-0.2458,0.1087
CD:207176,Bia Cavassa,PSDB,MS,CD,FALSE,1434,0.1024,0.0851,0.1418,0.0672
CD:207309,Enéias Reis,PSL,MG,CD,FALSE,426,0.5735,0.2054,-0.0862,0.1298
CD:208297,Katia Dias,REPUBLICANOS,MG,CD,FALSE,110,0.0831,0.0731,0.3755,0.1134
CD:209189,Joseildo Ramos,PT,BA,CD,FALSE,2486,-0.7861,0.1588,0.25,0.0844
CD:209787,Nikolas Ferreira,PL,MG,CD,FALSE,1031,0.8482,0.2605,-0.3245,0.1632
CD:210989,Bruno Farias,REPUBLICANOS,MG,CD,FALSE,874,0.0405,0.1001,0.5623,0.1466
CD:211649,Ricardo Pericar,PSL,RJ,CD,FALSE,74,0.8777,0.2544,-0.1047,0.2743
CD:211866,Fabiano Tolentino,CIDADANIA,MG,CD,FALSE,136,0.3704,0.2222,-0.5997,0.2455
CD:212504,Fernando Borja,AVANTE,MG,CD,FALSE,67,0.1209,0.2065,-0.0475,0.4212
CD:212625,Dr. Gonçalo,PODE,MA,CD,FALSE,408,0.1653,0.0724,0.9862,0.011
CD:212749,Marcão Gomes,PL,RJ,CD,FALSE,205,0.4799,0.1656,0.8773,0.1163
CD:213274,Ricardo Silva,PSD,SP,CD,FALSE,1502,-0.0982,0.0624,0.1176,0.0875
CD:213679,Dr. João,PROS,BA,CD,FALSE,130,0.321,0.1417,0.3039,0.0947
CD:213762,Carla Dickson,PL,RN,CD,FALSE,1893,0.4062,0.1475,0.1948,0.0746
CD:213854,Dr. Agripino Magalhães,UNIÃO,CE,CD,FALSE,148,0.2088,0.1078,0.2155,0.3498
CD:213856,Deuzinho Filho,REPUBLICANOS,CE,CD,FALSE,66,0.1349,0.0996,0.9217,0.0989
CD:214445,Nilson F. Stainsack,PP,SC,CD,FALSE,133,0.5142,0.1654,0.8577,0.2563
CD:214477,RRenato Queiroz,PSD,RR,CD,FALSE,349,0.1334,0.0708,0.1859,0.1662
CD:214694,Jorge Goetten,REPUBLICANOS,SC,CD,FALSE,1004,0.284,0.1145,0.561,0.0793
CD:214865,Joceval Rodrigues,CIDADANIA,BA,CD,FALSE,65,-0.208,0.1109,0.768,0.6316
CD:215042,Ricardo da Karol,PDT,RJ,CD,FALSE,1108,0.0519,0.1042,0.6264,0.1237
CD:215043,Josivaldo JP,UNIÃO,MA,CD,FALSE,2038,0.1909,0.0925,0.2116,0.0317
CD:215044,Vivi Reis,PSOL,PA,CD,FALSE,1190,-0.8289,0.1033,-0.5594,0.1389
CD:215045,Pedro Augusto Palareti,PP,RJ,CD,FALSE,946,0.2228,0.1042,0.5169,0.1138
CD:215361,Rachel Marques,PT,CE,CD,FALSE,7,,,,
CD:216198,Norma Pereira,PSDB,SC,CD,FALSE,51,0.2621,0.1664,0.7767,0.2057
CD:216313,Rafafá,PSDB,PB,CD,FALSE,232,0.1505,0.0935,0.2848,0.12
CD:216544,Paulo Vicente Caleffi,PSD,RS,CD,FALSE,601,0.3699,0.1232,0.5632,0.166
CD:216545,Totonho Lopes,PDT,CE,CD,FALSE,254,-0.453,0.1396,-0.0158,0.1873
CD:217036,Henrique do Paraíso,REPUBLICANOS,SP,CD,FALSE,261,0.3211,0.1747,0.947,0.163
CD:217330,Pedro Dalua,PSC,AP,CD,FALSE,391,0.4747,0.1493,0.4589,0.2077
CD:217480,Jones Moura,PSD,RJ,CD,FALSE,791,0.1966,0.0746,0.8781,0.079
CD:218086,Ely Santos,REPUBLICANOS,SP,CD,FALSE,1098,0.143,0.0748,0.9897,0.0442
CD:218245,Jorielson,PL,AP,CD,FALSE,194,0.5121,0.1575,0.6131,0.1514
CD:218741,Patrick Dorneles,PSD,PB,CD,FALSE,106,-0.1375,0.0802,0.5801,0.2356
CD:218879,Nelho Bezerra,UNIÃO,CE,CD,FALSE,216,-0.0134,0.0565,0.1565,0.1878
CD:219568,Tiago Andrino,PSB,TO,CD,FALSE,99,-0.382,0.0882,-0.9165,0.0369
CD:219585,Marco Brasil,PP,PR,CD,FALSE,610,0.1395,0.0966,0.6215,0.1578
CD:219592,Lucas Follador,PSC,RO,CD,FALSE,97,0.4329,0.2619,0.4643,0.2815
CD:219599,Sargento Alexandre,PODE,SP,CD,FALSE,90,0.1663,0.0975,0.1991,0.4006
CD:220008,Eliza Virgínia,PP,PB,CD,FALSE,125,0.5922,0.1986,0.3758,0.1623
CD:220526,Gilvan da Federal,PL,ES,CD,FALSE,883,0.8019,0.2555,-0.4143,0.137
CD:220527,Jack Rocha,PT,ES,CD,FALSE,1064,-0.7638,0.1505,0.3601,0.1129
CD:220528,Dr. Victor Linhalis,PSB,ES,CD,FALSE,848,-0.0512,0.0714,0.5481,0.0819
CD:220529,Gilson Daniel,PODE,ES,CD,FALSE,1042,-0.1899,0.1035,0.236,0.0768
CD:220530,Messias Donato,UNIÃO,ES,CD,FALSE,1037,0.664,0.2151,0.0307,0.0589
CD:220531,Gilvan Maximo,REPUBLICANOS,DF,CD,FALSE,623,0.1373,0.1197,0.9905,0.087
CD:220532,Rafael Prudente,MDB,DF,CD,FALSE,805,0.1487,0.0949,0.582,0.1089
CD:220533,Prof. Reginaldo Veras,PV,DF,CD,FALSE,980,-0.6353,0.163,-0.1711,0.0854
CD:220534,Fred Linhares,REPUBLICANOS,DF,CD,FALSE,980,0.1029,0.1155,0.8829,0.0753
CD:220536,Zé Haroldo Cathedral,UNIÃO,RR,CD,FALSE,979,0.0293,0.0515,0.267,0.0574
CD:220537,Helena Lima,PSD,RR,CD,FALSE,684,-0.0882,0.0997,0.4447,0.1255
CD:220538,Albuquerque,REPUBLICANOS,RR,CD,FALSE,930,0.1197,0.114,0.9928,0.0903
CD:220539,Defensor Stélio Dener,UNIÃO,RR,CD,FALSE,1047,-0.0063,0.0877,1,0.0609
CD:220540,Duda Ramos,PODE,RR,CD,FALSE,717,0.071,0.08,0.3384,0.0712
CD:220542,Alexandre Guimarães,MDB,TO,CD,FALSE,839,0.2124,0.0911,0.4634,0.0567
CD:220543,Ricardo Ayres,REPUBLICANOS,TO,CD,FALSE,1094,-0.0075,0.0816,0.8323,0.1114
CD:220544,Antonio Andrade,PSDB,TO,CD,FALSE,1053,0.0757,0.0984,0.6709,0.0515
CD:220545,Filipe Martins,PL,TO,CD,FALSE,1030,0.7397,0.2279,0.0704,0.1116
CD:220546,Rodolfo Nogueira,PL,MS,CD,FALSE,1080,0.8268,0.2609,-0.3626,0.1128
CD:220547,Marcos Pollon,PL,MS,CD,FALSE,1013,0.8627,0.2654,-0.325,0.1153
CD:220548,Camila Jara,PT,MS,CD,FALSE,953,-0.7449,0.147,0.0247,0.0685
CD:220549,Any Ortiz,PP,RS,CD,FALSE,965,0.5641,0.2174,-0.2634,0.0669
CD:220550,Mauricio Marcon,PL,RS,CD,FALSE,1035,0.8629,0.2582,-0.1341,0.1032
CD:220551,Franciane Bayer,REPUBLICANOS,RS,CD,FALSE,992,0.318,0.1157,0.411,0.0586
CD:220552,Zucco,PL,RS,CD,FALSE,1083,0.773,0.2461,-0.1721,0.089
CD:220553,Denise Pessôa,PT,RS,CD,FALSE,1005,-0.7313,0.1445,0.1209,0.0771
CD:220554,Alexandre Lindenmeyer,PT,RS,CD,FALSE,880,-0.7712,0.1417,0.1295,0.0976
CD:220555,Daiana Santos,PCdoB,RS,CD,FALSE,878,-0.7373,0.16,-0.0451,0.0842
CD:220556,Ana Paula Lima,PT,SC,CD,FALSE,980,-0.7395,0.1459,0.4149,0.084
CD:220557,Daniela Reinehr,PL,SC,CD,FALSE,954,0.787,0.25,-0.1605,0.1265
CD:220558,Zé Trovão,PL,SC,CD,FALSE,988,0.8418,0.2564,-0.4286,0.1112
CD:220559,Julia Zanatta,PL,SC,CD,FALSE,860,0.9342,0.2681,-0.3567,0.1452
CD:220560,Thiago de Joaldo,REPUBLICANOS,SE,CD,FALSE,823,0.1873,0.0889,0.3488,0.0497
CD:220561,Delegada Katarina,PSD,SE,CD,FALSE,962,-0.0398,0.0832,0.4092,0.0786
CD:220563,Icaro de Valmir,REPUBLICANOS,SE,CD,FALSE,874,0.287,0.109,0.3975,0.0705
CD:220564,Yandra Moura,UNIÃO,SE,CD,FALSE,639,0.0568,0.0921,0.4438,0.099
CD:220565,Delegada Adriana Accorsi,PT,GO,CD,FALSE,813,-0.7046,0.1484,0.3453,0.0711
CD:220566,Lêda Borges,REPUBLICANOS,GO,CD,FALSE,766,0.1053,0.077,0.4188,0.0916
CD:220567,Jeferson Rodrigues,PSDB,GO,CD,FALSE,810,0.0702,0.1098,0.9903,0.1033
CD:220568,Gustavo Gayer,PL,GO,CD,FALSE,985,0.8862,0.2705,-0.3124,0.1362
CD:220569,Silvye Alves,UNIÃO,GO,CD,FALSE,848,0.3375,0.1556,0.0919,0.0676
CD:220570,Dr. Ismael Alexandrino,PSD,GO,CD,FALSE,813,0.216,0.0946,0.3219,0.034
CD:220571,Daniel Agrobom,PSD,GO,CD,FALSE,1087,0.484,0.1807,0.0536,0.0748
CD:220572,Marussa Boldrin,REPUBLICANOS,GO,CD,FALSE,640,0.2308,0.1007,0.4694,0.0953
CD:220573,Dorinaldo Malafaia,PDT,AP,CD,FALSE,859,-0.4575,0.1265,-0.1885,0.1168
CD:220574,Cabo Gilberto Silva,PL,PB,CD,FALSE,1032,0.8338,0.251,-0.1629,0.1017
CD:220575,Sonize Barbosa,PL,AP,CD,FALSE,440,0.4604,0.1502,0.3649,0.091
CD:220576,Alfredo Gaspar,PL,AL,CD,FALSE,964,0.5891,0.2496,-0.7637,0.1195
CD:220577,Augusto Puppio,MDB,AP,CD,FALSE,668,-0.0556,0.0876,0.9768,0.0583
CD:220578,Josenildo,PDT,AP,CD,FALSE,1094,-0.358,0.1131,-0.0203,0.0734
CD:220579,Silvia Waiãpi,PL,AP,CD,FALSE,553,0.7782,0.2418,-0.0402,0.0966
CD:220580,Professora Goreth,PDT,AP,CD,FALSE,536,-0.4544,0.1318,0.0028,0.1099
CD:220581,Luciano Amaral,PSD,AL,CD,FALSE,1019,-0.2322,0.0856,0.6661,0.1363
CD:220582,Daniel Barbosa,PP,AL,CD,FALSE,798,-0.3296,0.1186,0.5511,0.1365
CD:220583,Delegado Fabio Costa,PP,AL,CD,FALSE,1040,0.5593,0.1896,0.0838,0.0718
CD:220584,Murilo Galdino,REPUBLICANOS,PB,CD,FALSE,892,-0.0465,0.0878,0.9989,0.0948
CD:220585,Mersinho Lucena,PSD,PB,CD,FALSE,706,0.0042,0.0914,0.914,0.0872
CD:220586,Rafael Brito,MDB,AL,CD,FALSE,874,-0.1376,0.0859,0.1682,0.0865
CD:220587,Gerlen Diniz,PP,AC,CD,FALSE,498,0.4165,0.1792,-0.0306,0.0675
CD:220588,Roberto Duarte,REPUBLICANOS,AC,CD,FALSE,1082,0.3816,0.1384,0.2128,0.0498
CD:220590,Coronel Ulysses,UNIÃO,AC,CD,FALSE,991,0.5856,0.2007,0.0371,0.0696
CD:220591,Meire Serafim,UNIÃO,AC,CD,FALSE,927,-0.2279,0.0908,0.8222,0.1233
CD:220592,Zezinho Barbary,PP,AC,CD,FALSE,865,0.0131,0.1078,0.6021,0.1687
CD:220593,Abilio Brunini,PL,MT,CD,FALSE,393,0.6985,0.2527,-0.3262,0.1103
CD:220594,Coronel Assis,PL,MT,CD,FALSE,971,0.7032,0.2362,-0.1422,0.0729
CD:220595,Coronel Fernanda,PL,MT,CD,FALSE,924,0.6692,0.2187,0.0761,0.1037
CD:220596,Amália Barros,PL,MT,CD,FALSE,337,0.7706,0.2425,-0.0498,0.1645
CD:220597,Thiago Flores,UNIÃO,RO,CD,FALSE,924,0.4488,0.1644,0.1542,0.0641
CD:220598,Tarcísio Motta,PSOL,RJ,CD,FALSE,1021,-0.7027,0.084,-0.7115,0.1012
CD:220599,Marcelo Crivella,REPUBLICANOS,RJ,CD,FALSE,959,0.1075,0.1078,0.7815,0.065
CD:220600,Lebrão,UNIÃO,RO,CD,FALSE,552,0.0925,0.0701,0.4574,0.0986
CD:220601,Washington Quaquá,PT,RJ,CD,FALSE,312,-0.6989,0.1483,0.5621,0.1211
CD:220602,Dimas Gadelha,PT,RJ,CD,FALSE,938,-0.7493,0.1486,0.4382,0.0813
CD:220603,Dani Cunha,PL,RJ,CD,FALSE,892,0.1766,0.1055,0.6098,0.0913
CD:220604,Marcos Tavares,PDT,RJ,CD,FALSE,892,-0.31,0.1119,0.0816,0.0856
CD:220605,Bandeira de Mello,PV,RJ,CD,FALSE,1027,-0.6106,0.1417,-0.1016,0.1132
CD:220606,Reimont,PT,RJ,CD,FALSE,983,-0.7809,0.1485,0.3083,0.0911
CD:220607,Max Lemos,UNIÃO,RJ,CD,FALSE,1035,-0.2653,0.1126,0.2492,0.1347
CD:220608,Cristiane Lopes,PODE,RO,CD,FALSE,1001,0.3969,0.1551,0.1291,0.0548
CD:220609,Maurício Carvalho,UNIÃO,RO,CD,FALSE,902,0.4404,0.1692,0.0996,0.049
CD:220610,Dr. Fernando Máximo,PL,RO,CD,FALSE,887,0.6415,0.2058,0.0803,0.0742
CD:220611,General Pazuello,PL,RJ,CD,FALSE,1034,0.6711,0.211,0.1458,0.1033
CD:220612,Bebeto,PP,RJ,CD,FALSE,1110,0.024,0.0836,0.9467,0.0484
CD:220613,Roberto Monteiro Pai,PL,RJ,CD,FALSE,978,0.654,0.1978,0.2795,0.0912
CD:220614,Dr. Daniel Soranz,PSD,RJ,CD,FALSE,233,-0.2559,0.1018,0.0226,0.1512
CD:220615,Pastor Henrique Vieira,PSOL,RJ,CD,FALSE,1043,-0.7518,0.0718,-0.6594,0.1008
CD:220616,Luciano Vieira,PSDB,RJ,CD,FALSE,836,0.1563,0.1113,0.6889,0.0844
CD:220617,Murillo Gouvea,PSDB,RJ,CD,FALSE,990,0.0336,0.0981,0.6023,0.1489
CD:220618,Sargento Portugal,PODE,RJ,CD,FALSE,983,0.3131,0.1156,0.3867,0.0597
CD:220619,Delegado Ramagem,PL,RJ,CD,FALSE,860,0.829,0.2594,-0.1625,0.1291
CD:220620,Rosângela Reis,PL,MG,CD,FALSE,1015,0.4788,0.1629,0.2224,0.0711
CD:220621,Sargento Gonçalves,PL,RN,CD,FALSE,1050,0.8192,0.2564,-0.3,0.1086
CD:220622,Nely Aquino,PODE,MG,CD,FALSE,856,-0.065,0.0903,0.6213,0.1039
CD:220623,Duda Salabert,PSOL,MG,CD,FALSE,900,-0.706,0.1189,-0.614,0.1108
CD:220624,Robinson Faria,PP,RN,CD,FALSE,1068,0.093,0.099,0.6364,0.0686
CD:220625,Delegada Ione,PL,MG,CD,FALSE,870,0.2416,0.1071,0.2802,0.0474
CD:220626,Rafael Simoes,UNIÃO,MG,CD,FALSE,940,0.3128,0.1178,0.3231,0.0453
CD:220627,Paulinho Freire,UNIÃO,RN,CD,FALSE,433,0.3229,0.1391,0.151,0.0689
CD:220628,Mauricio do Vôlei,PL,MG,CD,FALSE,967,0.7265,0.2251,0.062,0.1028
CD:220629,Dandara,PT,MG,CD,FALSE,743,-0.7435,0.1518,0.302,0.0864
CD:220630,Pedro Aihara,PP,MG,CD,FALSE,905,0.1742,0.1132,0.1367,0.058
CD:220631,Samuel Viana,UNIÃO,MG,CD,FALSE,960,0.1218,0.0859,0.7909,0.1569
CD:220632,Ana Pimentel,PT,MG,CD,FALSE,989,-0.7791,0.1504,0.2709,0.089
CD:220633,Ricardo Salles,NOVO,SP,CD,FALSE,721,0.9065,0.2458,-0.4222,0.2374
CD:220634,Marcelo Lima,PSB,SP,CD,FALSE,203,-0.3495,0.1032,-0.0035,0.1364
CD:220635,Bruno Ganem,PODE,SP,CD,FALSE,1035,0.0069,0.0619,0.1603,0.0743
CD:220637,Marina Silva,REDE,SP,CD,FALSE,45,-0.8089,0.1357,-0.5879,0.3762
CD:220638,Antonio Carlos Rodrigues,PODE,SP,CD,FALSE,1032,0.2664,0.1121,0.3113,0.0859
CD:220639,Guilherme Boulos,PSOL,SP,CD,FALSE,706,-0.7149,0.1021,-0.6992,0.1495
CD:220640,Juliana Cardoso,PT,SP,CD,FALSE,909,-0.7339,0.1476,0.0452,0.0673
CD:220641,Rodrigo Gambale,PODE,SP,CD,FALSE,1025,-0.0262,0.0626,0.4058,0.057
CD:220642,Delegado Bruno Lima,PODE,SP,CD,FALSE,638,0.1145,0.0939,0.1867,0.0803
CD:220643,Sônia Guajajara,PSOL,SP,CD,FALSE,58,-0.7795,0.1321,-0.6264,0.2335
CD:220644,Rosangela Moro,PL,SP,CD,FALSE,928,0.672,0.2655,-0.6294,0.1032
CD:220645,Erika Hilton,PSOL,SP,CD,FALSE,801,-0.7405,0.0779,-0.6721,0.1052
CD:220646,Felipe Becari,PODE,SP,CD,FALSE,715,-0.1179,0.0987,0.0659,0.0656
CD:220647,Mauricio Neves,PP,SP,CD,FALSE,648,0.1415,0.1099,0.6306,0.12
CD:220648,Marangoni,PODE,SP,CD,FALSE,798,0.0807,0.0618,0.3989,0.0794
CD:220649,Delegado da Cunha,UNIÃO,SP,CD,FALSE,781,0.2883,0.114,0.3319,0.0671
CD:220650,Paulo Alexandre Barbosa,PSD,SP,CD,FALSE,972,0.1716,0.1351,0.0495,0.0846
CD:220651,Simone Marquetto,PP,SP,CD,FALSE,748,0.2753,0.1124,0.2656,0.0686
CD:220652,Delegado Palumbo,PODE,SP,CD,FALSE,1110,0.676,0.2562,-0.7369,0.1786
CD:220653,Fábio Teruel,MDB,SP,CD,FALSE,991,0.2802,0.1403,0.1289,0.0504
CD:220654,Delegado Paulo Bilynskyj,PL,SP,CD,FALSE,1095,0.829,0.2639,-0.4296,0.1409
CD:220655,Mario Frias,PL,SP,CD,FALSE,855,0.8387,0.2613,-0.2805,0.1542
CD:220656,Fernanda Pessoa,PSD,CE,CD,FALSE,891,0.0189,0.0876,0.6071,0.1033
CD:220657,André Fernandes,PL,CE,CD,FALSE,828,0.7902,0.2569,-0.281,0.1296
CD:220658,Luiz Gastão,PSD,CE,CD,FALSE,836,0.0423,0.0701,0.4499,0.101
CD:220659,Dayany Bittencourt,UNIÃO,CE,CD,FALSE,910,0.5176,0.2265,-0.3251,0.1102
CD:220660,Yury Bruno,MDB,CE,CD,FALSE,688,-0.0177,0.0787,0.9998,0.0501
CD:220661,Matheus Noronha,PL,CE,CD,FALSE,816,0.4743,0.1578,0.2479,0.0594
CD:220662,Lucas Ramos,PSB,PE,CD,FALSE,1030,-0.4494,0.1216,0.2162,0.0798
CD:220663,Eriberto Medeiros,PSB,PE,CD,FALSE,936,-0.3929,0.1362,0.2005,0.1103
CD:220664,Guilherme Uchoa,PSD,PE,CD,FALSE,965,-0.2406,0.1047,0.2801,0.064
CD:220665,Clarissa Tércio,PP,PE,CD,FALSE,909,0.7112,0.2254,-0.0381,0.0936
CD:220666,Coronel Meira,PL,PE,CD,FALSE,1057,0.7213,0.2279,0.0192,0.1059
CD:220667,Pedro Campos,PSB,PE,CD,FALSE,959,-0.5926,0.1384,-0.0124,0.0917
CD:220668,Maria Arraes,PSB,PE,CD,FALSE,951,-0.5944,0.1414,0.3241,0.0888
CD:220669,Lula da Fonte,PP,PE,CD,FALSE,881,-0.017,0.1004,0.67,0.1346
CD:220670,Iza Arruda,MDB,PE,CD,FALSE,873,-0.1721,0.0895,0.607,0.1083
CD:220671,Dilvanda Faro,PT,PA,CD,FALSE,1023,-0.7691,0.173,0.6391,0.123
CD:220672,Henderson Pinto,UNIÃO,PA,CD,FALSE,887,0.0824,0.0755,0.4712,0.0824
CD:220673,Delegado Caveira,PL,PA,CD,FALSE,963,0.8221,0.2608,-0.2288,0.1524
CD:220674,Dra. Alessandra Haber,PODE,PA,CD,FALSE,660,0.0102,0.077,0.3634,0.0551
CD:220675,Antônio Doido,MDB,PA,CD,FALSE,952,0.0923,0.1045,0.9957,0.0679
CD:220676,Andreia Siqueira,PSB,PA,CD,FALSE,820,-0.0713,0.0815,0.5677,0.1129
CD:220677,Keniston Braga,MDB,PA,CD,FALSE,874,-0.0271,0.0764,0.9996,0.0539
CD:220681,Fábio Macedo,PODE,MA,CD,FALSE,744,-0.1231,0.0791,0.7806,0.1255
CD:220682,Tadeu Veneri,PT,PR,CD,FALSE,940,-0.7712,0.1386,0.0465,0.0587
CD:220683,Beto Richa,PSDB,PR,CD,FALSE,1056,0.0936,0.09,0.3659,0.0399
CD:220684,Tião Medeiros,PP,PR,CD,FALSE,795,0.2297,0.1005,0.4892,0.0505
CD:220685,Paulo Litro,UNIÃO,PR,CD,FALSE,974,0.1802,0.0855,0.3778,0.0656
CD:220686,Duarte Jr.,AVANTE,MA,CD,FALSE,1009,-0.2298,0.0433,-0.5007,0.2572
CD:220687,Márcio Honaiser,SOLIDARIEDADE,MA,CD,FALSE,815,-0.1582,0.1056,0.4569,0.1319
CD:220688,Dr. Francisco,PT,PI,CD,FALSE,1024,-0.7079,0.1528,0.6393,0.1037
CD:220689,Detinha,PL,MA,CD,FALSE,555,0.455,0.1571,0.2426,0.0749
CD:220690,Capitão Alden,PL,BA,CD,FALSE,1033,0.7065,0.2388,-0.1756,0.1184
CD:220691,Diego Coronel,REPUBLICANOS,BA,CD,FALSE,980,-0.0527,0.0806,0.8254,0.1236
CD:220692,Dal Barreto,UNIÃO,BA,CD,FALSE,843,0.029,0.107,0.6826,0.0899
CD:220693,Roberta Roma,PL,BA,CD,FALSE,802,0.6772,0.2229,0.046,0.1082
CD:220694,Ricardo Maia,MDB,BA,CD,FALSE,910,-0.0995,0.085,0.9858,0.0362
CD:220695,Rogéria Santos,REPUBLICANOS,BA,CD,FALSE,913,0.1484,0.087,0.9889,0.068
CD:220696,Ivoneide Caetano,PT,BA,CD,FALSE,1002,-0.7417,0.1482,0.4129,0.0837
CD:220697,Jadyel Alencar,REPUBLICANOS,PI,CD,FALSE,791,-0.0936,0.0891,0.8269,0.1145
CD:220698,Beto Preto,PSD,PR,CD,FALSE,150,0.1247,0.0868,0.2648,0.0972
CD:220699,Castro Neto,MDB,PI,CD,FALSE,900,-0.1308,0.0891,0.7696,0.1049
CD:220700,Florentino Neto,PT,PI,CD,FALSE,944,-0.7687,0.1698,0.6396,0.125
CD:220701,Delegado Matheus Laiola,UNIÃO,PR,CD,FALSE,1070,-0.0255,0.0828,0.2704,0.0433
CD:220702,Geraldo Mendes,UNIÃO,PR,CD,FALSE,709,0.1559,0.0805,0.4376,0.0947
CD:220703,Neto Carletto,AVANTE,BA,CD,FALSE,957,-0.0474,0.0725,0.976,0.0512
CD:220704,Carol Dartora,PT,PR,CD,FALSE,729,-0.7519,0.1449,0.3042,0.1429
CD:220705,Deltan Dallagnol,PODE,PR,CD,FALSE,59,0.6951,0.2637,-0.1545,0.2821
CD:220706,Padovani,PP,PR,CD,FALSE,534,0.4635,0.1517,0.3035,0.072
CD:220707,Amanda Gentil,PP,MA,CD,FALSE,690,-0.0587,0.0887,0.9585,0.1084
CD:220708,Gabriel Nunes,PSD,BA,CD,FALSE,1065,-0.1918,0.0949,0.7267,0.1181
CD:220712,Fausto Jr.,UNIÃO,AM,CD,FALSE,744,0.0407,0.1096,0.7946,0.1083
CD:220713,Saullo Vianna,MDB,AM,CD,FALSE,545,0.0011,0.0999,0.513,0.1509
CD:220714,Adail Filho,MDB,AM,CD,FALSE,1040,0.1011,0.1176,0.9949,0.0444
CD:220715,Amom Mandel,REPUBLICANOS,AM,CD,FALSE,764,0.1598,0.1885,-0.1799,0.0948
CD:221148,Alfredinho,PT,SP,CD,FALSE,1070,-0.7266,0.1526,0.5826,0.0594
CD:221328,Adilson Barroso,PL,SP,CD,FALSE,941,0.6907,0.2113,0.1221,0.103
CD:221329,Ricardo Abrão,PSDB,RJ,CD,FALSE,490,0.0887,0.0975,0.7263,0.1481
CD:221338,Professora Luciene Cavalcante,PSOL,SP,CD,FALSE,993,-0.7238,0.074,-0.69,0.0952
CD:221339,Dr. Benjamim,UNIÃO,MA,CD,FALSE,451,-0.0127,0.1069,0.796,0.116
CD:221378,Reginete Bispo,PT,RS,CD,FALSE,460,-0.7196,0.1399,0.0739,0.0782
CD:222142,Coronel Telhada,PP,SP,CD,FALSE,373,0.7993,0.2358,-0.043,0.0839
CD:222429,Luis Carlos Gomes,REPUBLICANOS,RJ,CD,FALSE,904,0.2005,0.1106,0.9797,0.014
CD:222565,Soldado Noelio,UNIÃO,CE,CD,FALSE,40,0.6252,0.2779,-0.7804,0.8057
CD:223128,Rodrigo Estacho,PSD,PR,CD,FALSE,870,0.3339,0.1579,0.0901,0.0585
CD:223398,Ulisses Guimarães,MDB,MG,CD,FALSE,78,0.2777,0.1232,0.324,0.1212
CD:224117,Gabriel Mota,UNIÃO,RR,CD,FALSE,1043,0.1247,0.1025,0.9922,0.0698
CD:224333,Welter,PT,PR,CD,FALSE,923,-0.7266,0.1437,0.3849,0.0923
CD:225386,Renan Ferreirinha,PSD,RJ,CD,FALSE,77,-0.2399,0.149,0.3696,0.121
CD:225727,Flavinha,MDB,MT,CD,FALSE,102,0.3585,0.1421,0.7608,0.2666
CD:225730,Enfermeira Ana Paula,PODE,CE,CD,FALSE,305,-0.2404,0.1157,0.1996,0.0814
CD:225846,Itamar Paim,PL,PR,CD,FALSE,34,0.6532,0.2152,0.2136,0.46
CD:226075,Priscila Costa,PL,CE,CD,FALSE,102,0.8294,0.2622,-0.2731,0.1932
CD:226179,Gisela Simona,UNIÃO,MT,CD,FALSE,931,0.2272,0.1452,0.0321,0.0537
CD:226410,Márcio Correa,MDB,GO,CD,FALSE,109,0.7886,0.2277,-0.0167,0.2129
CD:226553,Eliane Braz,PSD,CE,CD,FALSE,87,-0.0127,0.0714,0.6478,0.3649
CD:226708,Allan Garcês,PP,MA,CD,FALSE,733,0.4464,0.1503,0.2738,0.0606
CD:226837,Saulo Pedroso,PSD,SP,CD,FALSE,695,-0.0045,0.0763,0.1683,0.0514
CD:227275,Mariana Carvalho,REPUBLICANOS,MA,CD,FALSE,87,0.4127,0.1483,0.3131,0.203
CD:227310,Silvio Antonio,PL,MA,CD,FALSE,205,0.6665,0.2192,0.1165,0.2434
CD:227323,Luciano Galego,PL,MA,CD,FALSE,85,0.6158,0.2132,-0.1754,0.1716
CD:227324,Henrique Júnior,PL,MA,CD,FALSE,91,0.0558,0.1348,0.4979,0.2957
CD:227370,Felipe Saliba,PRD,MG,CD,FALSE,93,0.4578,0.1662,0.1048,0.2034
CD:227401,Dr Fabio Rueda,UNIÃO,AC,CD,FALSE,83,0.3227,0.1337,0.2851,0.2147
CD:227433,Douglas Viegas,UNIÃO,SP,CD,FALSE,645,0.106,0.1315,0.0371,0.0618
CD:227660,Nitinho,PSD,SE,CD,FALSE,335,0.0244,0.1082,0.5717,0.1623
CD:227800,Duarte Gonçalves Jr,REPUBLICANOS,MG,CD,FALSE,71,0.212,0.1209,0.4552,0.2065
CD:227991,Dr Flávio,PL,RJ,CD,FALSE,199,0.6233,0.1964,0.1974,0.1001
CD:228042,Naumi Amorim,PSD,CE,CD,FALSE,26,-0.005,0.2877,0.5457,0.3704
CD:228272,Délio Pinheiro,PDT,MG,CD,FALSE,57,-0.153,0.1001,-0.1487,0.335
CD:228616,Dr. Remy Soares,PP,MA,CD,FALSE,64,-0.0062,0.1104,0.8018,0.1574
CD:228797,Júlio Oliveira,PP,TO,CD,FALSE,83,-0.0729,0.1186,0.9973,0.1487
CD:228837,Juliana Kolankiewicz,MDB,MT,CD,FALSE,71,0.3781,0.1404,0.2335,0.1097
CD:228941,Daniel José,PODE,SP,CD,FALSE,66,0.9923,0.2808,0.1236,0.1084
CD:229069,Capitão Samuel,PP,SE,CD,FALSE,48,0.3358,0.127,0.5016,0.2674
CD:229082,Lucyana Genésio,PDT,MA,CD,FALSE,57,-0.5093,0.1245,0.297,0.3091
CD:229106,Carla Ayres,PT,SC,CD,FALSE,73,-0.794,0.1591,0.0711,0.1815
CD:229112,Pedro Jr,PL,TO,CD,FALSE,74,0.7384,0.2155,0.2172,0.1681
CD:229225,Michele Collins,PP,PE,CD,FALSE,72,0.5358,0.1792,0.2414,0.0936
CD:229259,Pedro Tourinho,PT,SP,CD,FALSE,81,-0.783,0.1903,0.622,0.2424
CD:229333,Gláucia Santiago,PL,MG,CD,FALSE,88,0.7489,0.2245,0.0851,0.0812
CD:229432,Luiz Fernando Vampiro,MDB,SC,CD,FALSE,413,0.6793,0.2234,0.0437,0.1435
CD:229585,Elisangela Araujo,PT,BA,CD,FALSE,100,-0.6083,0.1812,0.7937,0.2036
CD:229939,Newton Bonin,UNIÃO,PR,CD,FALSE,127,0.0063,0.1327,0.4214,0.1066
CD:230088,Dra. Mayra Pinheiro,PL,CE,CD,FALSE,83,0.6779,0.2352,-0.1601,0.1767
CD:230177,Tadeu Oliveira,PL,CE,CD,FALSE,83,0.3874,0.1372,0.4383,0.1086
CD:230762,Pastor Claudio Mariano,UNIÃO,PA,CD,FALSE,277,0.1634,0.0876,0.6203,0.1724
CD:230764,Ivan Júnior,UNIÃO,MA,CD,FALSE,25,-0.6034,0.2981,0.7974,0.1198
CD:230765,Enfermeira Rejane,PCdoB,RJ,CD,FALSE,477,-0.7205,0.1559,-0.0503,0.1083
CD:230767,Rodrigo da Zaeli,PL,MT,CD,FALSE,493,0.6954,0.2175,0.1437,0.1319
CD:230768,Zé Adriano,PP,AC,CD,FALSE,501,0.0199,0.0723,0.5687,0.134
CD:230957,João Cury,MDB,SP,CD,FALSE,377,-0.0585,0.0945,0.5768,0.1443
CD:231911,Lenir de Assis,PT,PR,CD,FALSE,415,-0.8866,0.1669,0.1883,0.1583
CD:233218,Nelinho Freitas,MDB,CE,CD,FALSE,101,-0.03,0.0626,0.9995,0.1596
CD:233592,Paulo Lemos,PT,AP,CD,FALSE,197,-0.7499,0.0867,-0.6616,0.1735
CD:233594,Rafael Fera,PODE,RO,CD,FALSE,272,0.3046,0.1298,0.2066,0.0991
CD:233598,Samuel Santos,PODE,GO,CD,FALSE,172,-0.0489,0.0946,0.9988,0.0641
CD:234253,Lucas Abrahao,REDE,AP,CD,FALSE,87,-0.5688,0.1496,-0.1883,0.6407
CD:234310,Ricardo Galvão,REDE,SP,CD,FALSE,142,-0.5421,0.1245,-0.8403,0.0964
CD:234388,Fabiano Cazeca,PRD,MG,CD,FALSE,66,0.1378,0.1624,-0.0419,0.2408
CD:234673,Vanderlan Alves,SOLIDARIEDADE,CE,CD,FALSE,134,-0.0539,0.0856,0.9985,0.2061
CD:234788,Heloísa Helena,REDE,RJ,CD,FALSE,93,-0.7424,0.139,-0.6699,0.2037
CD:234840,Cristiano Furlan,REDE,AP,CD,FALSE,22,-0.3729,0.3485,-0.7578,0.423
CD:235088,Ribeiro Neto,SOLIDARIEDADE,MA,CD,FALSE,90,-0.0571,0.104,0.0559,0.3467
CD:235620,Ilacir Bicalho,REPUBLICANOS,MG,CD,FALSE,53,0.171,0.1193,0.9853,0.4701
CD:235712,Vavá,AVANTE,MG,CD,FALSE,53,0.0354,0.1078,0.9994,0.3011
CD:235776,Sérgio Turra,PP,RS,CD,FALSE,56,0.6982,0.264,-0.7159,0.6451
CD:235800,Jorge Araújo,PP,BA,CD,FALSE,42,0.0351,0.1514,0.765,0.2855
CD:235869,João Carlos,REPUBLICANOS,AM,CD,FALSE,48,0.2764,0.1209,0.961,0.2553
CD:236284,Glaycon Franco,PSDB,MG,CD,FALSE,33,0.1094,0.2289,0.7713,0.3166
CD:236375,Marcos Braz,PSDB,RJ,CD,FALSE,18,,,,
CD:236423,Valdir Trindade,REPUBLICANOS,PB,CD,FALSE,15,,,,
CD:236518,Santin Roveda,UNIÃO,PR,CD,FALSE,6,,,,
CD:62881,Danilo Forte,PP,CE,CD,FALSE,1725,0.0992,0.0809,0.0944,0.048
CD:66179,Norma Ayub,PP,ES,CD,FALSE,1750,0.1425,0.0866,0.3456,0.0657
CD:66385,Julio Arcoverde,PP,PI,CD,FALSE,757,0.0479,0.1062,0.805,0.1435
CD:66828,Fausto Pinato,UNIÃO,SP,CD,FALSE,2414,0.1789,0.067,0.8447,0.1126
CD:67138,Iracema Portella,PP,PI,CD,FALSE,907,0.3916,0.1318,0.8321,0.0754
CD:68720,Fábio Henrique,UNIÃO,SE,CD,FALSE,1916,-0.237,0.0798,0.1037,0.093
CD:69871,Bacelar,PV,BA,CD,FALSE,2699,-0.6868,0.1488,0.1054,0.0802
CD:72442,Felipe Carreras,PSB,PE,CD,FALSE,2477,-0.2427,0.0694,0.2148,0.0554
CD:73433,Arlindo Chinaglia,PT,SP,CD,FALSE,2642,-0.7992,0.1592,0.2459,0.0863
CD:73441,Celso Russomanno,REPUBLICANOS,SP,CD,FALSE,2294,0.2029,0.0738,0.8411,0.0821
CD:73460,Gustavo Fruet,PDT,PR,CD,FALSE,1513,-0.3955,0.1247,-0.3762,0.2052
CD:73463,Osmar Serraglio,PP,PR,CD,FALSE,645,0.4541,0.1386,0.891,0.1495
CD:73466,Rubens Bueno,CIDADANIA,PR,CD,FALSE,1870,-0.0654,0.1078,-0.0853,0.0887
CD:73482,Henrique Fontana,PT,RS,CD,FALSE,1670,-0.8121,0.1631,0.1575,0.0756
CD:73486,Pompeo de Mattos,PDT,RS,CD,FALSE,2570,-0.3827,0.1271,-0.1012,0.1026
CD:73531,Ivan Valente,PSOL,SP,CD,FALSE,2654,-0.7964,0.0991,-0.6048,0.1268
CD:73579,Alberto Fraga,PL,DF,CD,FALSE,1041,0.6646,0.2052,0.196,0.1017
CD:73586,Júlio Delgado,PV,MG,CD,FALSE,1656,-0.5197,0.142,-0.3758,0.1292
CD:73604,Rui Falcão,PT,SP,CD,FALSE,2603,-0.7873,0.1606,0.2145,0.0634
CD:73692,Osmar Terra,PL,RS,CD,FALSE,2133,0.6579,0.1982,0.1593,0.0702
CD:73696,Angela Amin,PP,SC,CD,FALSE,1799,0.1911,0.092,0.1646,0.0606
CD:73701,Benedita da Silva,PT,RJ,CD,FALSE,2298,-0.7746,0.1596,0.2828,0.0685
CD:73768,Dilceu Sperafico,PP,PR,CD,FALSE,1002,0.2566,0.1011,0.4019,0.054
CD:73772,Hermes Parcianello,MDB,PR,CD,FALSE,1344,0.081,0.0578,0.4092,0.0417
CD:73778,Luiz Carlos Hauly,PODE,PR,CD,FALSE,795,0.0781,0.072,0.2161,0.0377
CD:73788,Ricardo Barros,PP,PR,CD,FALSE,1805,0.2598,0.0809,0.9657,0.0351
CD:73801,Renildo Calheiros,PCdoB,PE,CD,FALSE,2610,-0.7113,0.1507,0.1924,0.0379
CD:73806,Roseana Sarney,MDB,MA,CD,FALSE,273,-0.2269,0.092,0.9035,0.0589
CD:73808,Sérgio Brito,PSD,BA,CD,FALSE,1259,0.1443,0.0539,0.9895,0.0073
CD:73891,Darcísio Perondi,MDB,RS,CD,FALSE,232,0.5827,0.1864,0.3937,0.1444
CD:73943,Perpétua Almeida,PCdoB,AC,CD,FALSE,1702,-0.6704,0.1485,0.2175,0.0651
CD:74041,Luiz Couto,PT,PB,CD,FALSE,1075,-0.7591,0.1461,0.321,0.0967
CD:74043,Wellington Roberto,PSD,PB,CD,FALSE,1372,0.5447,0.1691,0.3572,0.0711
CD:74044,Wilson Santiago,REPUBLICANOS,PB,CD,FALSE,2122,0.1457,0.0539,0.9893,0.0511
CD:74052,Bosco Costa,PL,SE,CD,FALSE,1760,0.3272,0.105,0.8647,0.058
CD:74057,Alice Portugal,PCdoB,BA,CD,FALSE,2889,-0.7174,0.1503,0.2161,0.0446
CD:74060,Daniel Almeida,PCdoB,BA,CD,FALSE,2533,-0.7083,0.1591,0.1734,0.0668
CD:74065,Fatima Pelaes,REPUBLICANOS,AP,CD,FALSE,152,0.146,0.1699,0.9893,0.2271
CD:74075,Elcione Barbalho,MDB,PA,CD,FALSE,1836,-0.0296,0.0356,0.4034,0.0633
CD:74079,José Priante,MDB,PA,CD,FALSE,1394,0.063,0.037,0.9809,0.023
CD:74084,Raimundo Santos,PSD,PA,CD,FALSE,1065,0.3169,0.1234,0.2533,0.0581
CD:74090,Átila Lins,PSD,AM,CD,FALSE,2173,0.1045,0.0453,0.9055,0.0816
CD:74095,Pauderney Avelino,UNIÃO,AM,CD,FALSE,523,0.0467,0.0678,0.346,0.0588
CD:74140,José Carlos Araújo,DC,BA,CD,FALSE,12,,,,
CD:74141,Josias Gomes,PT,BA,CD,FALSE,1135,-0.7036,0.1437,0.2523,0.0867
CD:74156,Leonardo Monteiro,PT,MG,CD,FALSE,2522,-0.7648,0.1552,0.1949,0.0759
CD:74158,Mário Heringer,PDT,MG,CD,FALSE,2194,-0.4313,0.1309,-0.0103,0.1169
CD:74159,Odair Cunha,PT,MG,CD,FALSE,2522,-0.7501,0.1546,0.294,0.083
CD:74160,Patrus Ananias,PT,MG,CD,FALSE,2513,-0.7974,0.1592,0.2116,0.0726
CD:74161,Reginaldo Lopes,PT,MG,CD,FALSE,2046,-0.7661,0.1583,0.2237,0.0568
CD:74165,Neucimar Fraga,PP,ES,CD,FALSE,854,0.3649,0.1323,0.2726,0.0793
CD:74171,Chico Alencar,PSOL,RJ,CD,FALSE,1092,-0.7117,0.0737,-0.7025,0.0931
CD:74200,Gastão Vieira,PROS,MA,CD,FALSE,1143,0.0595,0.0611,0.1985,0.0533
CD:74212,Aníbal Gomes,DEM,CE,CD,FALSE,596,0.2796,0.1107,0.9601,0.085
CD:74253,Julio Lopes,PP,RJ,CD,FALSE,1143,0.1198,0.0656,0.9928,0.0051
CD:74254,Leonardo Picciani,MDB,RJ,CD,FALSE,357,0.1082,0.093,0.9941,0.1718
CD:74262,Carlos Sampaio,PSD,SP,CD,FALSE,2658,0.2567,0.1595,-0.2324,0.1529
CD:74270,Gilberto Nascimento,PODE,SP,CD,FALSE,1125,0.2599,0.1025,0.3818,0.0938
CD:74273,Jefferson Campos,PL,SP,CD,FALSE,2596,0.5258,0.2135,-0.1421,0.1404
CD:74283,Vicentinho,PT,SP,CD,FALSE,2627,-0.7854,0.1574,0.2342,0.0732
CD:74295,Inácio Arruda,PCdoB,CE,CD,FALSE,52,-0.6847,0.17,0.7288,0.1763
CD:74299,Leônidas Cristino,PDT,CE,CD,FALSE,2474,-0.4999,0.1415,-0.0464,0.0917
CD:74305,Roberto Pessoa,PSDB,CE,CD,FALSE,309,0.2796,0.1317,0.1494,0.0502
CD:74317,Júlio Cesar,PSD,PI,CD,FALSE,2231,0.1229,0.049,0.9515,0.042
CD:74319,Paes Landim,UNIÃO,PI,CD,FALSE,303,0.3735,0.1597,0.7748,0.0728
CD:74352,Nilson Pinto,PSDB,PA,CD,FALSE,1381,0.1817,0.085,0.1745,0.0545
CD:74356,Silas Câmara,REPUBLICANOS,AM,CD,FALSE,1933,0.2087,0.072,0.978,0.0101
CD:74366,João Campos,REPUBLICANOS,GO,CD,FALSE,1435,0.3925,0.1331,0.7091,0.1406
CD:74371,Rubens Otoni,PT,GO,CD,FALSE,2113,-0.7784,0.1579,0.2649,0.0827
CD:74374,Geraldo Resende,UNIÃO,MS,CD,FALSE,988,-0.0854,0.0764,0.1743,0.082
CD:74376,Vander Loubet,PT,MS,CD,FALSE,2602,-0.7595,0.1557,0.2272,0.0673
CD:74383,Giacobo,PL,PR,CD,FALSE,1739,0.5614,0.1723,0.3292,0.0672
CD:74398,Maria do Rosário,PT,RS,CD,FALSE,2185,-0.7699,0.1549,0.1882,0.0795
CD:74399,Onyx Lorenzoni,PL,RS,CD,FALSE,253,0.5458,0.17,0.3589,0.1147
CD:74400,Paulo Pimenta,PT,RS,CD,FALSE,2042,-0.8073,0.1623,0.1899,0.0837
CD:74419,Gonzaga Patriota,PSB,PE,CD,FALSE,1432,-0.6147,0.1655,-0.1299,0.0487
CD:74428,Mendonça Filho,PL,PE,CD,FALSE,901,0.3839,0.1583,-0.023,0.0611
CD:74439,Wolney Queiroz,PDT,PE,CD,FALSE,1369,-0.5155,0.1418,0.0529,0.1052
CD:74454,Eunício Oliveira,MDB,CE,CD,FALSE,588,0.0046,0.0843,0.4456,0.1222
CD:74459,Átila Lira,PP,PI,CD,FALSE,1724,0.3451,0.1266,0.8323,0.0648
CD:74467,Damião Feliciano,UNIÃO,PB,CD,FALSE,2171,-0.2812,0.1078,-0.0212,0.1028
CD:74471,André de Paula,PSD,PE,CD,FALSE,1390,0.1193,0.0725,0.4222,0.0675
CD:74478,Luciano Bivar,MDB,PE,CD,FALSE,833,0.0094,0.0415,0.5959,0.1208
CD:74537,Claudio Cajado,PP,BA,CD,FALSE,2499,0.2083,0.0703,0.9781,0.0095
CD:74550,João Leão,PP,BA,CD,FALSE,754,0.0423,0.0963,0.6383,0.0603
CD:74554,José Rocha,UNIÃO,BA,CD,FALSE,2054,0.1781,0.0686,0.8133,0.1147
CD:74571,Nelson Pellegrino,PT,BA,CD,FALSE,201,-0.6578,0.1589,0.3385,0.1605
CD:74574,Paulo Magalhães,PSD,BA,CD,FALSE,2413,0.0949,0.0515,0.7536,0.1136
CD:74585,Lincoln Portela,PL,MG,CD,FALSE,2545,0.6004,0.1869,0.2435,0.0884
CD:74646,Aécio Neves,PSDB,MG,CD,FALSE,1578,0.1584,0.075,0.3644,0.0808
CD:74655,Eduardo Barbosa,PSDB,MG,CD,FALSE,1770,0.0904,0.073,0.1312,0.0701
CD:74693,Rodrigo Maia,PSDB,RJ,CD,FALSE,491,-0.1027,0.1798,-0.27,0.1259
CD:74696,Alberto Mourão,MDB,SP,CD,FALSE,303,0.0155,0.0935,0.2912,0.1325
CD:74749,Mauro Lopes,PP,MG,CD,FALSE,1374,0.1773,0.09,0.4384,0.0702
CD:74784,Luiza Erundina,PSOL,SP,CD,FALSE,2431,-0.8201,0.1084,-0.5722,0.1361
CD:74806,Tadeu Filippelli,MDB,DF,CD,FALSE,199,0.2794,0.1581,0.6195,0.2583
CD:74848,Jandira Feghali,PCdoB,RJ,CD,FALSE,2826,-0.7143,0.1517,0.2028,0.0573
CD:74856,Laura Carneiro,PSD,RJ,CD,FALSE,954,-0.2463,0.1154,0.4093,0.1063
CD:74858,Lindbergh Farias,PT,RJ,CD,FALSE,994,-0.8039,0.1498,0.1785,0.0756
CD:75431,Maurício Dziedricki,PODE,RS,CD,FALSE,1768,0.3701,0.1312,0.2829,0.0615
CD:76874,Marcelo Freixo,PSB,RJ,CD,FALSE,1706,-0.7655,0.153,-0.3489,0.0536
CD:77003,Sergio Santos Rodrigues,PODE,MG,CD,FALSE,91,0.019,0.0733,0.7742,0.2998
CD:80815,Leo Prates,REPUBLICANOS,BA,CD,FALSE,938,-0.3228,0.1273,0.3042,0.0948
CD:81055,Márcio Jerry,PCdoB,MA,CD,FALSE,1909,-0.7138,0.1506,0.1478,0.058
CD:81297,Dra. Soraya Manato,PTB,ES,CD,FALSE,1934,0.6076,0.191,0.1528,0.0786
CD:88256,Clodoaldo Magalhães,PV,PE,CD,FALSE,921,-0.7733,0.1505,0.1199,0.0946
CD:89536,Prof. Paulo Fernando,REPUBLICANOS,DF,CD,FALSE,249,0.4437,0.1451,0.3927,0.0856
CD:90201,Pedro Augusto Bezerra,PDT,CE,CD,FALSE,1619,-0.0472,0.0342,0.3697,0.0632
CD:90842,Santini,PTB,RS,CD,FALSE,718,0.2909,0.1134,0.2981,0.0987
CD:91228,Waldemar Oliveira,AVANTE,PE,CD,FALSE,1071,-0.0656,0.0799,0.9661,0.0389
CD:92102,Leur Lomanto Júnior,UNIÃO,BA,CD,FALSE,2131,0.1996,0.077,0.6565,0.05
CD:92172,Milton Coelho,PSB,PE,CD,FALSE,733,-0.7302,0.148,0.143,0.0716
CD:92346,Eduardo Bolsonaro,PL,SP,CD,FALSE,2056,0.7626,0.2234,0.0819,0.0756
CD:92699,Fernando Monteiro,PSD,PE,CD,FALSE,2450,0.1201,0.0458,0.9928,0.0031
CD:92776,Stefano Aguiar,PSD,MG,CD,FALSE,2072,0.2189,0.0859,0.4876,0.0419
CD:93083,Cacá Leão,PP,BA,CD,FALSE,1577,0.3359,0.1077,0.9419,0.0465
CD:98057,Lafayette de Andrada,PL,MG,CD,FALSE,1967,0.2458,0.0854,0.7707,0.1061
CD:98148,Cobalchini,MDB,SC,CD,FALSE,927,0.3954,0.1467,0.1611,0.0482
CD:98615,Ismael,PL,SC,CD,FALSE,890,0.3685,0.1455,0.1607,0.0612
LID:AVANTE,AVANTE,,,CD,TRUE,1443,0.328,0.1104,0.9447,0.0383
LID:B.FEMININA,B.FEMININA,,,SF,TRUE,3,,,,
LID:BANCADA FEMININA,BANCADA FEMININA,,,SF,TRUE,128,-0.3317,0.3275,-0.0118,0.4405
LID:BL AVANSOLIDPRD...,BL AVANSOLIDPRD...,,,CD,TRUE,119,-0.1164,0.0999,0.2722,0.2332
LID:BL MDBPSDREPPODE,BL MDBPSDREPPODE,,,CD,TRUE,375,-0.0718,0.0779,0.9974,0.1086
LID:BL MDBPSDREPPODEPSC,BL MDBPSDREPPODEPSC,,,CD,TRUE,78,-0.0644,0.0954,0.9979,0.212
LID:BL PLFDRPTUNIPP...,BL PLFDRPTUNIPP...,,,CD,TRUE,19,,,,
LID:BL PLUNIPPPSD...,BL PLUNIPPPSD...,,,CD,TRUE,19,,,,
LID:BL UNIPPFDRPSDBCID...,BL UNIPPFDRPSDBCID...,,,CD,TRUE,497,-0.0401,0.0816,0.8665,0.165
LID:BL UNIPPPSD...,BL UNIPPPSD...,,,CD,TRUE,180,0.0349,0.1064,0.7633,0.275
LID:BLOCO PARLAMENTAR,BLOCO PARLAMENTAR,,,CD,TRUE,1,,,,
LID:CIDADANIA,CIDADANIA,,,CD+SF,TRUE,1619,0.0372,0.1209,-0.08,0.0749
LID:DEM,DEM,,,CD+SF,TRUE,1501,0.3163,0.1234,0.6007,0.0801
LID:FDR PSDB-CIDADANIA,FDR PSDB-CIDADANIA,,,CD,TRUE,11,,,,
LID:FDR PSOL-REDE,FDR PSOL-REDE,,,CD,TRUE,955,-0.7222,0.0779,-0.6917,0.096
LID:FDR PT-PCDOB-PV,FDR PT-PCDOB-PV,,,CD,TRUE,875,-0.7505,0.1447,0.407,0.0876
LID:GOVERNO 2019-22,GOVERNO 2019-22,,,CD+SF,TRUE,1741,0.7047,0.2152,0.257,0.0771
LID:GOVERNO 2023-26,GOVERNO 2023-26,,,CD+SF,TRUE,1002,-0.7012,0.1569,0.7129,0.1361
LID:MAIORIA 2019-22,MAIORIA 2019-22,,,CD+SF,TRUE,1380,0.4052,0.133,0.9142,0.086
LID:MAIORIA 2023-26,MAIORIA 2023-26,,,CD+SF,TRUE,804,-0.6351,0.1535,0.6936,0.0781
LID:MDB,MDB,,,CD+SF,TRUE,1778,0.1345,0.0616,0.5107,0.0859
LID:MINORIA 2019-22,MINORIA 2019-22,,,CD+SF,TRUE,1389,-0.7318,0.1693,-0.0808,0.0796
LID:MINORIA 2023-26,MINORIA 2023-26,,,CD+SF,TRUE,998,0.7799,0.2554,-0.2255,0.1509
LID:MISSÃO,MISSÃO,,,CD,TRUE,63,0.9927,0.2211,-0.1207,0.3366
LID:NOVO,NOVO,,,CD+SF,TRUE,3118,0.6947,0.1015,-0.7193,0.123
LID:NOVOCIDPV,NOVOCIDPV,,,CD,TRUE,12,,,,
LID:OPOSIÇÃO 2019-22,OPOSIÇÃO 2019-22,,,CD+SF,TRUE,1049,-0.7241,0.1717,-0.0324,0.0579
LID:OPOSIÇÃO 2023-26,OPOSIÇÃO 2023-26,,,CD+SF,TRUE,1007,0.789,0.2553,-0.2294,0.1447
LID:PATRIOTA,PATRIOTA,,,CD+SF,TRUE,1313,0.5237,0.1543,0.7966,0.0638
LID:PCDOB,PCDOB,,,CD,TRUE,1782,-0.6678,0.1487,0.1911,0.0683
LID:PDT,PDT,,,CD+SF,TRUE,2203,-0.4899,0.13,0.0441,0.1123
LID:PDTAVANTE,PDTAVANTE,,,CD,TRUE,1,,,,
LID:PDTPODEPROS...,PDTPODEPROS...,,,CD,TRUE,8,,,,
LID:PDTSDPODE...,PDTSDPODE...,,,CD,TRUE,18,,,,
LID:PHS,PHS,,,CD,TRUE,13,,,,
LID:PL,PL,,,CD+SF,TRUE,2941,0.5955,0.1826,0.3617,0.0707
LID:PMN,PMN,,,CD,TRUE,52,-0.1812,0.2284,-0.3961,0.2133
LID:PODEMOS,PODEMOS,,,CD+SF,TRUE,1797,0.1839,0.1205,-0.0128,0.0704
LID:PP,PP,,,CD+SF,TRUE,1883,0.4516,0.13,0.8922,0.055
LID:PPL,PPL,,,CD,TRUE,5,,,,
LID:PPMDBPTB,PPMDBPTB,,,CD,TRUE,285,0.3719,0.1333,0.9283,0.1093
LID:PPPRPSD,PPPRPSD,,,CD,TRUE,1,,,,
LID:PPS,PPS,,,CD+SF,TRUE,45,0.5451,0.3147,-0.4553,0.631
LID:PR,PR,,,CD+SF,TRUE,24,,,,
LID:PRB,PRB,,,CD+SF,TRUE,154,0.4938,0.1618,0.8696,0.123
LID:PROS,PROS,,,CD+SF,TRUE,1643,0.3561,0.1328,0.8078,0.068
LID:PRP,PRP,,,CD,TRUE,5,,,,
LID:PSB,PSB,,,CD+SF,TRUE,2341,-0.6088,0.1534,-0.1279,0.0547
LID:PSC,PSC,,,CD+SF,TRUE,1514,0.4709,0.1456,0.5575,0.0876
LID:PSCPTB,PSCPTB,,,CD,TRUE,45,0.4745,0.2321,0.758,0.1631
LID:PSD,PSD,,,CD+SF,TRUE,2158,0.26,0.095,0.8813,0.0586
LID:PSDB,PSDB,,,CD+SF,TRUE,1989,0.179,0.0917,0.1412,0.0469
LID:PSL,PSL,,,CD+SF,TRUE,1553,0.5412,0.1764,0.0717,0.092
LID:PSLPPPSD...,PSLPPPSD...,,,CD,TRUE,37,0.9744,0.3253,0.2233,0.12
LID:PSOL,PSOL,,,CD,TRUE,1881,-0.8379,0.1288,-0.5459,0.1592
LID:PT,PT,,,CD+SF,TRUE,2296,-0.755,0.159,0.1922,0.0859
LID:PTB,PTB,,,CD+SF,TRUE,1336,0.4584,0.1464,0.7242,0.1053
LID:PV,PV,,,CD,TRUE,1053,-0.1874,0.0975,-0.0499,0.0761
LID:REDE,REDE,,,CD+SF,TRUE,1466,-0.6127,0.1383,-0.4057,0.1137
LID:REPUBLICANOS,REPUBLICANOS,,,CD+SF,TRUE,1984,0.4284,0.134,0.9036,0.0387
LID:SOLIDARIEDADE,SOLIDARIEDADE,,,CD,TRUE,1613,0.254,0.106,0.6782,0.1325
LID:UNIÃO,UNIÃO,,,CD+SF,TRUE,644,0.1888,0.0962,0.7187,0.1062
SF:1023,Maria do Carmo Alves,PP,SE,SF,FALSE,238,0.2347,0.1417,-0.7444,0.1501
SF:1173,Wellington Fagundes,PL,MT,SF,FALSE,498,0.3157,0.1541,-0.9489,0.0304
SF:1186,Luis Carlos Heinze,PP,RS,SF,FALSE,522,0.537,0.1874,-0.7967,0.0824
SF:1249,Kátia Abreu,PP,TO,SF,FALSE,323,0.074,0.1003,-0.9823,0.0516
SF:151,Luiz Pastore,Sem registro,ES,SF,FALSE,15,,,,
SF:22,Esperidião Amin,PP,SC,SF,FALSE,557,0.2938,0.1431,-0.9559,0.0765
SF:2331,Rose de Freitas,MDB,ES,SF,FALSE,340,-0.0945,0.086,-0.9955,0.0738
SF:285,Marcio Bittar,PL,AC,SF,FALSE,461,0.5007,0.1905,-0.5174,0.2152
SF:3361,José Maranhão,MDB,PB,SF,FALSE,140,0.0785,0.1182,-0.9969,0.1401
SF:3396,Tasso Jereissati,PSDB,CE,SF,FALSE,324,-0.0161,0.0694,-0.6334,0.2252
SF:345,Flávio Arns,PSB,PR,SF,FALSE,533,-0.2193,0.057,-0.3945,0.5265
SF:35,Jader Barbalho,MDB,PA,SF,FALSE,293,-0.0676,0.0587,-0.7194,0.14
SF:374,Paulo Rocha,PT,PA,SF,FALSE,391,-0.5934,0.1062,-0.8049,0.0573
SF:3777,Eduardo Gomes,PL,TO,SF,FALSE,493,0.3517,0.1611,-0.4672,0.1958
SF:3806,Zequinha Marinho,PODE,PA,SF,FALSE,455,0.2758,0.1311,-0.4619,0.2297
SF:3830,Davi Alcolumbre,UNIÃO,AP,SF,FALSE,295,0.0844,0.1004,-0.0697,0.3134
SF:4525,Fernando Collor,PTB,AL,SF,FALSE,321,0.041,0.0912,-0.9992,0.0611
SF:453,Pedro Chaves,MDB,GO,SF,FALSE,18,,,,
SF:4531,Jayme Campos,UNIÃO,MT,SF,FALSE,487,0.1237,0.1051,-0.3932,0.2706
SF:4545,Jarbas Vasconcelos,MDB,PE,SF,FALSE,339,-0.0841,0.0671,-0.9965,0.092
SF:4560,Sérgio Petecão,PSD,AC,SF,FALSE,442,0.0366,0.0857,-0.6929,0.1345
SF:4605,Flávio Dino,PSB,MA,SF,FALSE,0,,,,
SF:4610,Alexandre Silveira,PSD,MG,SF,FALSE,73,-0.0064,0.1178,-0.9648,0.3989
SF:4639,Beto Faro,PT,PA,CD+SF,FALSE,1842,-0.805,0.164,0.2606,0.085
SF:4642,Efraim Filho,PL,PB,CD+SF,FALSE,903,0.2407,0.0891,0.6773,0.0885
SF:4694,Rogerio Marinho,PL,RN,SF,FALSE,129,0.6171,0.2412,-0.6947,0.1093
SF:470,Chico Rodrigues,PSB,RR,SF,FALSE,481,0.1273,0.1035,-0.1983,0.3123
SF:475,Confúcio Moura,MDB,RO,SF,FALSE,491,-0.0656,0.0808,-0.9978,0.0446
SF:4770,Izalci Lucas,PL,DF,SF,FALSE,547,0.2212,0.1197,-0.9752,0.0595
SF:4786,Virginio de Carvalho,DEM,SE,SF,FALSE,0,,,,
SF:4811,Laércio Oliveira,PP,SE,CD+SF,FALSE,1578,0.2606,0.086,0.6539,0.1171
SF:4979,Bene Camacho,PSD,MA,SF,FALSE,9,,,,
SF:4981,Acir Gurgacz,PDT,RO,SF,FALSE,354,-0.1303,0.0635,-0.7882,0.1431
SF:4994,Eduardo Braga,MDB,AM,SF,FALSE,430,-0.0201,0.0753,-0.8591,0.0805
SF:5008,Humberto Costa,PT,PE,SF,FALSE,498,-0.6559,0.0821,-0.7549,0.0995
SF:5012,Randolfe Rodrigues,PT,AP,SF,FALSE,536,-0.789,0.163,-0.3553,0.2192
SF:5070,Wilder Morais,PL,GO,SF,FALSE,160,0.707,0.2342,-0.2833,0.3491
SF:5207,Renan Filho,MDB,AL,SF,FALSE,8,,,,
SF:5236,Reguffe,S/Partido,DF,SF,FALSE,397,-0.3565,0.0652,-0.059,0.5387
SF:5281,Nilda Gondim,MDB,PB,SF,FALSE,194,-0.2648,0.0558,-0.8566,0.1228
SF:5322,Romário,PL,RJ,SF,FALSE,482,0.2172,0.1171,-0.9761,0.0703
SF:5350,Jorginho Mello,PL,SC,SF,FALSE,368,0.2991,0.1636,-0.9001,0.1221
SF:5352,Rogério Carvalho,PT,SE,SF,FALSE,541,-0.6631,0.1392,-0.7485,0.0877
SF:5376,Mara Gabrilli,PSD,SP,SF,FALSE,414,-0.2213,0.0633,-0.9752,0.1129
SF:5385,Irajá,PSD,TO,SF,FALSE,361,0.0715,0.0893,-0.9974,0.056
SF:5386,Professora Dorinha Seabra,UNIÃO,TO,CD+SF,FALSE,1539,0.0494,0.0518,0.4581,0.0611
SF:5411,Weverton,PDT,MA,SF,FALSE,476,-0.3061,0.0573,-0.3926,0.3344
SF:5422,Marcos Rogério,PL,RO,SF,FALSE,468,0.4903,0.1668,-0.7768,0.0909
SF:5502,Plínio Valério,PSDB,AM,SF,FALSE,539,0.1819,0.1009,-0.9833,0.0355
SF:5523,Otto Alencar,PSD,BA,SF,FALSE,511,-0.2134,0.0585,-0.8931,0.0734
SF:5525,Omar Aziz,PSD,AM,SF,FALSE,495,-0.0557,0.0638,-0.8215,0.0979
SF:5527,Simone Tebet,MDB,MS,SF,FALSE,365,-0.0925,0.054,-0.9957,0.0328
SF:5529,Antonio Anastasia,PSD,MG,SF,FALSE,277,0.0996,0.0862,-0.7649,0.1577
SF:5531,Elmano Férrer,PP,PI,CD+SF,FALSE,421,0.268,0.1342,0.3804,0.3671
SF:5533,Lasier Martins,PODE,RS,SF,FALSE,378,-0.043,0.0529,-0.227,0.5061
SF:5535,Telmário Mota,PROS,RR,SF,FALSE,270,0.3412,0.1852,-0.5806,0.247
SF:5537,Dário Berger,PSB,SC,SF,FALSE,362,-0.1372,0.061,-0.7523,0.1599
SF:5540,Fernando Bezerra Coelho,MDB,PE,SF,FALSE,373,0.4374,0.182,-0.3849,0.2945
SF:5557,Mailza Gomes,PP,AC,SF,FALSE,274,0.2759,0.1501,-0.6626,0.1281
SF:5561,Renilde Bulhões,PROS,AL,SF,FALSE,20,,,,
SF:5585,Luiz Carlos do Carmo,PSC,GO,SF,FALSE,364,0.3169,0.1598,-0.7456,0.1618
SF:5627,Jean-Paul Prates,PT,RN,SF,FALSE,357,-0.6247,0.1341,-0.7809,0.0797
SF:5639,Guaracy Silveira,PP,TO,SF,FALSE,3,,,,
SF:5666,Major Olimpio,PSL,SP,SF,FALSE,177,0.009,0.0961,-0.4803,0.2435
SF:5672,Alan Rick,REPUBLICANOS,AC,CD+SF,FALSE,1820,0.2554,0.1014,0.28,0.0746
SF:5718,Eliziane Gama,PSD,MA,SF,FALSE,423,-0.3908,0.0611,-0.9205,0.06
SF:5732,Rodrigo Pacheco,PSB,MG,SF,FALSE,236,0.1216,0.1212,-0.6866,0.1434
SF:5736,Tereza Cristina,PP,MS,CD+SF,FALSE,501,0.4484,0.1641,0.3842,0.1569
SF:5740,Fabio Garcia,UNIÃO,MT,CD+SF,FALSE,167,0.498,0.1697,0.1203,0.089
SF:5748,Veneziano Vital do Rêgo,MDB,PB,SF,FALSE,485,-0.2814,0.0501,-0.7103,0.1106
SF:5783,Zenaide Maia,PSD,RN,SF,FALSE,546,-0.5707,0.0951,-0.5199,0.1844
SF:5793,Dr. Hiran,PP,RR,CD+SF,FALSE,1566,0.4,0.1241,0.9165,0.0419
SF:581,Jaques Wagner,PT,BA,SF,FALSE,516,-0.5844,0.1087,-0.801,0.1086
SF:5892,Roberth Bringel,UNIÃO,MA,SF,FALSE,11,,,,
SF:5894,Flávio Bolsonaro,PL,RJ,SF,FALSE,483,0.6818,0.2013,-0.7315,0.1035
SF:5895,Jorge Kajuru,PSB,GO,SF,FALSE,543,-0.2513,0.0624,-0.4281,0.4435
SF:5898,Eliane Nogueira,PP,PI,SF,FALSE,136,0.911,0.2805,-0.4125,0.1323
SF:5899,Vanderlan Cardoso,PSD,GO,SF,FALSE,520,0.1337,0.0958,-0.6504,0.1709
SF:5902,Eduardo Velloso,SOLIDARIEDADE,AC,CD+SF,FALSE,876,0.4398,0.1467,0.2593,0.0638
SF:5905,Rodrigo Cunha,PODE,AL,SF,FALSE,424,-0.0329,0.071,-0.9063,0.0975
SF:5906,Dra. Eudócia,PSDB,AL,SF,FALSE,91,0.0786,0.1064,0.3039,0.7391
SF:5908,Maria das Vitórias,PSD,AC,SF,FALSE,3,,,,
SF:5913,Rafael Tenório,MDB,AL,SF,FALSE,21,,,,
SF:5917,Fernando Dueire,PSD,PE,SF,FALSE,156,-0.1708,0.0651,-0.533,0.4842
SF:5924,Oriovisto Guimarães,PSDB,PR,SF,FALSE,493,0.116,0.0966,-0.9933,0.0409
SF:5926,Lucas Barreto,PSD,AP,SF,FALSE,517,0.1054,0.0933,-0.9348,0.1086
SF:5927,Paulo Albuquerque,PSD,AP,SF,FALSE,19,,,,
SF:5929,Juíza Selma,PODE,MT,SF,FALSE,60,0.9022,0.2661,0.4313,0.789
SF:5936,Carlos Portinho,PL,RJ,SF,FALSE,354,0.3947,0.1528,-0.9188,0.1021
SF:5942,Marcos do Val,AVANTE,ES,SF,FALSE,455,0.3206,0.1482,-0.9352,0.0438
SF:5953,Fabiano Contarato,PT,ES,SF,FALSE,559,-0.6483,0.1269,-0.6556,0.1566
SF:5959,Styvenson Valentim,PODE,RN,SF,FALSE,542,0.0071,0.0833,-1,0.1276
SF:5967,Angelo Coronel,REPUBLICANOS,BA,SF,FALSE,511,0.0395,0.0779,-0.7605,0.1163
SF:5971,Prisco Bezerra,PDT,CE,SF,FALSE,11,,,,
SF:5972,Julio Ventura,PDT,CE,SF,FALSE,15,,,,
SF:5973,Cid Gomes,PSB,CE,SF,FALSE,279,-0.3213,0.0715,-0.3694,0.3262
SF:5974,Sargento Reginauro,PSDB,CE,SF,FALSE,3,,,,
SF:5976,Eduardo Girão,NOVO,CE,SF,FALSE,563,0.4935,0.1929,-0.8698,0.3413
SF:5979,Leila Barros,PDT,DF,SF,FALSE,547,-0.4337,0.1076,-0.6995,0.1981
SF:5982,Alessandro Vieira,MDB,SE,SF,FALSE,524,-0.2025,0.053,-0.9793,0.0741
SF:5985,Nelsinho Trad,PSD,MS,SF,FALSE,477,0.0796,0.0911,-0.7209,0.1198
SF:5988,Soraya Thronicke,PSB,MS,SF,FALSE,516,0.1792,0.1225,-0.278,0.3589
SF:5990,Carlos Viana,PSD,MG,SF,FALSE,519,0.2271,0.1279,-0.9229,0.0492
SF:5991,Castellar Neto,PP,MG,SF,FALSE,11,,,,
SF:5996,Diego Tavares,PP,PB,SF,FALSE,18,,,,
SF:5998,Daniella Ribeiro,PP,PB,SF,FALSE,470,0.0763,0.0865,-0.6415,0.1629
SF:6005,Siqueira Campos,DEM,TO,SF,FALSE,0,,,,
SF:6006,Ogari Pacheco,UNIÃO,TO,SF,FALSE,5,,,,
SF:6008,Giordano,PODE,SP,SF,FALSE,267,0.0227,0.0743,-0.185,0.2724
SF:6009,Astronauta Marcos Pontes,PL,SP,SF,FALSE,146,0.5187,0.1873,-0.7194,0.0868
SF:6010,Ivete da Silveira,MDB,SC,SF,FALSE,159,0.0495,0.0986,0.1029,0.6011
SF:6011,Beto Martins,PL,SC,SF,FALSE,15,,,,
SF:6015,Ireneu Orth,PP,RS,SF,FALSE,16,,,,
SF:6019,Maria Eliza,MDB,RO,SF,FALSE,38,,,,
SF:6021,Dr. Samuel Araújo,PSD,RO,SF,FALSE,8,,,,
SF:6025,Roberta Acioly,REPUBLICANOS,RR,SF,FALSE,13,,,,
SF:6027,Mecias de Jesus,REPUBLICANOS,RR,SF,FALSE,507,0.2246,0.1247,-0.4366,0.2394
SF:611,Chiquinho Feitosa,DEM,CE,SF,FALSE,23,,,,
SF:6295,Carlos Fávaro,PSD,MT,SF,FALSE,316,0.1269,0.1159,-0.5661,0.1966
SF:63,Ney Suassuna,REPUBLICANOS,PB,SF,FALSE,13,,,,
SF:6304,Margareth Buzetti,PP,MT,SF,FALSE,125,0.1272,0.0961,-0.4509,0.2086
SF:6305,José Lacerda,PSD,MT,SF,FALSE,19,,,,
SF:631,Magno Malta,PL,ES,SF,FALSE,117,0.8831,0.2354,-0.4692,0.0771
SF:6331,Sergio Moro,PL,PR,SF,FALSE,169,0.4701,0.1667,-0.8826,0.0913
SF:6335,Damares Alves,REPUBLICANOS,DF,SF,FALSE,170,0.5209,0.1797,-0.8536,0.1023
SF:6336,Camilo Santana,PT,CE,SF,FALSE,11,,,,
SF:6337,Cleitinho,REPUBLICANOS,MG,SF,FALSE,178,0.5429,0.1849,-0.8398,0.1022
SF:6338,Teresa Leitão,PT,PE,SF,FALSE,148,-0.5493,0.1615,-0.8356,0.3874
SF:6340,Jaime Bagattoli,PL,RO,SF,FALSE,157,0.7122,0.236,-0.5092,0.1897
SF:6341,Hamilton Mourão,REPUBLICANOS,RS,SF,FALSE,173,0.6163,0.1977,-0.7875,0.1077
SF:6342,Jorge Seif,PL,SC,SF,FALSE,137,0.6047,0.2581,-0.7965,0.1841
SF:6345,Fernando Farias,MDB,AL,SF,FALSE,153,-0.2043,0.075,-0.8507,0.0905
SF:6350,Augusta Brito,PT,CE,SF,FALSE,130,-0.7379,0.1841,-0.6749,0.3763
SF:6351,Janaína Farias,PT,CE,SF,FALSE,17,,,,
SF:6358,Ana Paula Lobato,PSB,MA,SF,FALSE,133,-0.3178,0.032,-0.4722,0.2241
SF:6359,Lourdinha Pereira,PSB,MA,SF,FALSE,4,,,,
SF:6362,Mauro Carvalho Junior,UNIÃO,MT,SF,FALSE,13,,,,
SF:6363,Rosana Martinelli,PL,MT,SF,FALSE,10,,,,
SF:6366,André Amaral,UNIÃO,PB,SF,FALSE,12,,,,
SF:6369,Jussara Lima,PSD,PI,SF,FALSE,171,-0.4484,0.0976,-0.3401,0.4138
SF:6372,Bruno Bonetti,PL,RJ,SF,FALSE,14,,,,
SF:6374,Flavio Azevedo,PL,RN,SF,FALSE,12,,,,
SF:6381,Hermes Klann,PL,SC,SF,FALSE,12,,,,
SF:677,Roberto Rocha,PTB,MA,SF,FALSE,348,0.2284,0.1271,-0.5996,0.1498
SF:70,Renan Calheiros,MDB,AL,SF,FALSE,302,-0.2862,0.0552,-0.9582,0.0581
SF:739,Ciro Nogueira,PP,PI,SF,FALSE,390,0.3608,0.1558,-0.3818,0.2314
SF:742,Marcelo Castro,MDB,PI,SF,FALSE,558,-0.0564,0.0624,-0.8825,0.1156
SF:751,Arolde de Oliveira,PSD,RJ,SF,FALSE,157,0.3655,0.1584,-0.488,0.2227
SF:825,Paulo Paim,PT,RS,SF,FALSE,561,-0.5794,0.077,-0.815,0.0585
SF:878,José Aníbal,PSDB,SP,SF,FALSE,52,-0.3016,0.1324,-0.9534,0.8497
SF:90,José Serra,PSDB,SP,SF,FALSE,303,-0.0103,0.0695,-0.6809,0.1888
SF:945,Alvaro Dias,PODE,PR,SF,FALSE,350,-0.2494,0.1204,0.9684,0.7521
