chave,nome,partido,uf,pseudo,n_votos,dim1,se1,dim2,se2
CD:100689,Hildo do Candango,REPUBLICANOS,GO,FALSE,106,0.0718,0,0.9974,0
CD:103758,Luciano Azevedo,PSD,RS,FALSE,375,0.0681,0,-0.0556,0
CD:104552,Socorro Neri,PP,AC,FALSE,886,-0.0841,0,-0.4149,0
CD:105534,Alexandre Figueiredo,PSD,SE,FALSE,97,0.1485,0,-0.2091,0
CD:107283,Gleisi Hoffmann,PT,PR,FALSE,1614,-0.8021,0,0.163,0
CD:107970,Ana Paula Leão,PP,MG,FALSE,941,0.3907,0,0.0077,0
CD:108338,Jaqueline Cassol,PP,RO,FALSE,1631,0.2984,0,0.4392,0
CD:109429,Benes Leocádio,UNIÃO,RN,FALSE,2703,0.1424,0,0.6411,0
CD:112437,João Marcelo Souza,MDB,MA,FALSE,1102,0.2207,0,0.4515,0
CD:115200,Raniery Paulino,REPUBLICANOS,PB,FALSE,78,-8e-04,0,1,0
CD:115746,Gelson Azevedo,PL,RJ,FALSE,1771,0.4418,0,0.825,0
CD:116379,Darci de Matos,PSD,SC,FALSE,1735,0.2682,0,0.4822,0
CD:118594,Marcelo Squassoni,REPUBLICANOS,SP,FALSE,130,0.1531,0,0.6487,0
CD:121948,Adriano do Baldy,PP,GO,FALSE,2775,0.1914,0,0.9815,0
CD:122158,Pedro Paulo,PSD,RJ,FALSE,1414,0.0502,0,0.4128,0
CD:122195,Leonardo Gadelha,PODE,PB,FALSE,514,0.1573,0,0.9876,0
CD:122466,Ronaldo Martins,REPUBLICANOS,CE,FALSE,159,0.3512,0,0.8993,0
CD:122974,Pedro Lucas Fernandes,UNIÃO,MA,FALSE,2366,0.1395,0,0.7107,0
CD:123086,Átila Lira,PP,PI,FALSE,936,-0.0105,0,0.6466,0
CD:123756,Antônia Lúcia,MDB,AC,FALSE,877,0.1083,0,0.9941,0
CD:128760,Paulo Marinho Jr,PL,MA,FALSE,501,0.4604,0,-0.0779,0
CD:129618,Gorete Pereira,MDB,CE,FALSE,108,0.2276,0,0.8861,0
CD:132504,Enio Verri,PT,PR,FALSE,1649,-0.8152,0,0.1635,0
CD:133439,André Figueiredo,PDT,CE,FALSE,2631,-0.4774,0,-0.2063,0
CD:133810,Marcelo Moraes,PL,RS,FALSE,2390,0.6389,0,-0.136,0
CD:133968,Paulo Ramos,PDT,RJ,FALSE,1568,-0.5296,0,-0.2241,0
CD:134812,Edmilson Rodrigues,PSOL,PA,FALSE,519,-0.9102,0,-0.4142,0
CD:135054,Cristiano Vale,PP,PA,FALSE,1591,0.3118,0,0.9501,0
CD:136811,Afonso Hamm,PP,RS,FALSE,2205,0.3999,0,0.0647,0
CD:137070,Vicentinho Júnior,PSDB,TO,FALSE,2286,0.1989,0,0.7711,0
CD:138286,Luciano Alves,PSD,PR,FALSE,699,0.0621,0,0.1893,0
CD:139285,Lídice da Mata,PSB,BA,FALSE,2440,-0.6778,0,-0.2182,0
CD:141372,Aelton Freitas,PP,MG,FALSE,914,0.2875,0,0.9578,0
CD:141391,Arnaldo Jardim,CIDADANIA,SP,FALSE,2307,0.0719,0,-0.1834,0
CD:141398,Carlos Zarattini,PT,SP,FALSE,2542,-0.7879,0,0.1535,0
CD:141401,Carlos Bezerra,MDB,MT,FALSE,850,0.0523,0,0.2552,0
CD:141405,Celso Maldaner,MDB,SC,FALSE,1538,0.2764,0,0.0398,0
CD:141408,Cleber Verde,MDB,MA,FALSE,2532,0.1418,0,0.9835,0
CD:141411,Dagoberto Nogueira,PP,MS,FALSE,2688,-0.4454,0,-0.1979,0
CD:141417,Edio Lopes,PL,RR,FALSE,1179,0.3602,0,0.9208,0
CD:141421,Eduardo da Fonte,PP,PE,FALSE,2366,0.1038,0,0.8044,0
CD:141427,Fábio Ramalho,MDB,MG,FALSE,1354,0.077,0,0.5553,0
CD:141428,Fábio Faria,PSD,RN,FALSE,152,0.387,0,0.5183,0
CD:141431,Fernando Coelho Filho,UNIÃO,PE,FALSE,2188,0.1473,0,0.757,0
CD:141434,Flaviano Melo,MDB,AC,FALSE,1549,0.19,0,0.3227,0
CD:141439,Chico D`Angelo,PDT,RJ,FALSE,1582,-0.5424,0,-0.2326,0
CD:141450,Hugo Leal,PSD,RJ,FALSE,2315,0.2231,0,0.3988,0
CD:141456,Jilmar Tatto,PT,SP,FALSE,873,-0.7009,0,0.4688,0
CD:141458,João Carlos Bacelar,PL,BA,FALSE,1620,0.085,0,0.9964,0
CD:141459,João Maia,PP,RN,FALSE,2554,0.1896,0,0.9019,0
CD:141464,José Airton Félix Cirilo,PT,CE,FALSE,2225,-0.7583,0,0.2252,0
CD:141470,José Guimarães,PT,CE,FALSE,2575,-0.7535,0,0.188,0
CD:141478,Laerte Bessa,PL,DF,FALSE,595,0.3251,0,0.6253,0
CD:141480,Lázaro Botelho,PP,TO,FALSE,808,0.0162,0,0.8059,0
CD:141485,Luiz Carlos Busato,UNIÃO,RS,FALSE,978,0.0933,0,0.3526,0
CD:141487,Luiz Fernando Faria,UNIÃO,MG,FALSE,880,-0.0636,0,0.6592,0
CD:141488,Paulo Teixeira,PT,SP,FALSE,1575,-0.8349,0,0.133,0
CD:141508,Mauro Nazif,PSB,RO,FALSE,1774,-0.4535,0,-0.7096,0
CD:141513,Bilac Pinto,UNIÃO,MG,FALSE,1381,0.3027,0,0.3987,0
CD:141515,Otavio Leite,PSDB,RJ,FALSE,533,0.1591,0,0.1194,0
CD:141516,Paulo Abi-Ackel,PSDB,MG,FALSE,1859,0.1165,0,0.3039,0
CD:141518,Paulinho da Força,SOLIDARIEDADE,SP,FALSE,1318,-0.1219,0,0.0775,0
CD:141523,Raul Henry,MDB,PE,FALSE,1777,-0.0543,0,0.0245,0
CD:141531,Rodrigo de Castro,UNIÃO,MG,FALSE,2353,0.1039,0,0.4186,0
CD:141533,Rodrigo Rollemberg,PSB,DF,FALSE,311,-0.4794,0,-0.2729,0
CD:141552,Valtenir Pereira,MDB,MT,FALSE,591,0.069,0,0.2756,0
CD:141553,Vanderlei Macris,PSDB,SP,FALSE,1614,0.0916,0,-0.2565,0
CD:141555,Vinicius Carvalho,PL,SP,FALSE,2165,0.2033,0,0.909,0
CD:143084,Tiago Dimas,PODE,TO,FALSE,2049,0.1455,0,0.3955,0
CD:143632,Domingos Neto,PSD,CE,FALSE,1606,0.1034,0,0.7518,0
CD:143942,Caio Vianna,PSD,RJ,FALSE,600,-0.0771,0,0.2911,0
CD:146307,Neri Geller,PP,MT,FALSE,1158,0.3734,0,0.9277,0
CD:146788,Marcelo Aro,PP,MG,FALSE,1156,0.3446,0,0.9388,0
CD:150418,Márcio Marinho,REPUBLICANOS,BA,FALSE,2301,0.2073,0,0.9783,0
CD:152605,Glauber Braga,PSOL,RJ,FALSE,2533,-0.7804,0,-0.6253,0
CD:152610,Roberto Alves,REPUBLICANOS,SP,FALSE,1653,0.31,0,0.9507,0
CD:153423,Renilce Nicodemos,MDB,PA,FALSE,659,-0.035,0,0.5274,0
CD:154178,Milton Vieira,REPUBLICANOS,SP,FALSE,1332,0.2884,0,0.9575,0
CD:154700,Paulo Soares,PODE,SP,FALSE,15,,,,
CD:154919,Eleuses Paiva,PSD,SP,FALSE,186,0.334,0,0.7066,0
CD:156190,Marcel van Hattem,NOVO,RS,FALSE,2965,0.6358,0,-0.7718,0
CD:157130,Túlio Gadêlha,PSD,PE,FALSE,2469,-0.7865,0,-0.6175,0
CD:159237,Assis Carvalho,PT,PI,FALSE,282,-0.77,0,0.2852,0
CD:160161,Marcelo Queiroz,PSDB,RJ,FALSE,806,-0.1413,0,0.4421,0
CD:160508,Afonso Florence,PT,BA,FALSE,1514,-0.8014,0,0.1407,0
CD:160510,Luis Tibé,AVANTE,MG,FALSE,1519,0.1669,0,0.986,0
CD:160511,Alessandro Molon,PSB,RJ,FALSE,1421,-0.7171,0,-0.6511,0
CD:160512,Aureo Ribeiro,SOLIDARIEDADE,RJ,FALSE,2277,0.054,0,0.4127,0
CD:160517,Paulo Folletto,PSB,ES,FALSE,1099,-0.4481,0,-0.3763,0
CD:160518,Weliton Prado,PSD,MG,FALSE,2576,-0.1324,0,-0.0902,0
CD:160527,Aguinaldo Ribeiro,PP,PB,FALSE,1861,0.1295,0,0.7839,0
CD:160528,Danilo Cabral,PSB,PE,FALSE,1454,-0.6015,0,-0.2908,0
CD:160531,Jhonatan de Jesus,REPUBLICANOS,RR,FALSE,1398,0.3821,0,0.9241,0
CD:160532,Eli Corrêa Filho,UNIÃO,SP,FALSE,1662,0.3115,0,0.4654,0
CD:160534,Lauriete,PSC,ES,FALSE,1870,0.3733,0,0.5344,0
CD:160535,Marcon,PT,RS,FALSE,2558,-0.7498,0,0.0644,0
CD:160538,Bohn Gass,PT,RS,FALSE,2594,-0.8065,0,0.1507,0
CD:160541,Arthur Lira,PP,AL,FALSE,397,0.237,0,0.9715,0
CD:160542,Márcio Macêdo,PT,SE,FALSE,226,-0.7512,0,0.1749,0
CD:160545,Alexandre Leite,UNIÃO,SP,FALSE,1987,0.248,0,0.5176,0
CD:160548,Jonas Donizette,PSB,SP,FALSE,1017,-0.386,0,-0.1008,0
CD:160552,Danrlei de Deus Hinterholz,PSD,RS,FALSE,1305,0.3225,0,-0.2629,0
CD:160553,Antonio Brito,PSD,BA,FALSE,1785,0.1196,0,0.6253,0
CD:160556,Padre João,PT,MG,FALSE,2741,-0.7995,0,0.1974,0
CD:160558,Paulo Freire Costa,PL,SP,FALSE,2606,0.608,0,0.1741,0
CD:160559,Alceu Moreira,MDB,RS,FALSE,2511,0.3168,0,0.0274,0
CD:160561,Missionário José Olimpio,PL,SP,FALSE,312,0.6896,0,-0.0868,0
CD:160569,Waldenor Pereira,PT,BA,FALSE,2302,-0.8331,0,0.0559,0
CD:160570,Jerônimo Goergen,PP,RS,FALSE,1281,0.4292,0,0.0753,0
CD:160575,Erika Kokay,PT,DF,FALSE,2833,-0.8668,0,-0.2577,0
CD:160587,Fábio Trad,PSD,MS,FALSE,1732,-0.1113,0,-0.0988,0
CD:160588,Diego Andrade,PSD,MG,FALSE,1633,0.1764,0,0.6775,0
CD:160589,Bruna Furlan,PSDB,SP,FALSE,1187,-0.0326,0,0.0261,0
CD:160591,Vinicius Gurgel,PL,AP,FALSE,1798,0.4418,0,0.3136,0
CD:160592,Zeca Dirceu,PT,PR,FALSE,2387,-0.7867,0,0.1452,0
CD:160598,Flávia Morais,MDB,GO,FALSE,2309,-0.3865,0,-0.2711,0
CD:160599,Dimas Fabiano,PP,MG,FALSE,2540,0.1721,0,0.8185,0
CD:160600,Arthur Oliveira Maia,UNIÃO,BA,FALSE,1960,0.1783,0,0.484,0
CD:160601,Pr. Marco Feliciano,PL,SP,FALSE,2519,0.6391,0,0.0683,0
CD:160604,Pedro Uczai,PT,SC,FALSE,2541,-0.8254,0,0.0753,0
CD:160610,Valmir Assunção,PT,BA,FALSE,2558,-0.7941,0,0.1708,0
CD:160619,José Nunes,PSD,BA,FALSE,1354,0.2332,0,0.7706,0
CD:160621,Sandro Alex,PSD,PR,FALSE,357,0.2723,0,0.5556,0
CD:160629,Romero Rodrigues,PODE,PB,FALSE,1021,-0.1128,0,0.5942,0
CD:160632,Zé Silva,UNIÃO,MG,FALSE,2397,0.0826,0,0.6071,0
CD:160635,Ruy Carneiro,PODE,PB,FALSE,2040,-0.0526,0,0.0423,0
CD:160640,Eros Biondini,PL,MG,FALSE,2659,0.6418,0,-0.0106,0
CD:160641,Professora Marcivania,PCdoB,AP,FALSE,2004,-0.6822,0,0.0669,0
CD:160642,Pastor Eurico,PSDB,PE,FALSE,2494,0.6548,0,-0.061,0
CD:160645,Luiz Carlos,PSDB,AP,FALSE,948,0.2395,0,0.0857,0
CD:160651,Rogério Peninha Mendonça,MDB,SC,FALSE,1537,0.5787,0,0.0775,0
CD:160653,Roberto de Lucena,REPUBLICANOS,SP,FALSE,1497,0.2141,0,-0.1444,0
CD:160655,Ricardo Izar,REPUBLICANOS,SP,FALSE,1275,0.1395,0,0.2534,0
CD:160665,Augusto Coutinho,REPUBLICANOS,PE,FALSE,2406,0.0902,0,0.694,0
CD:160666,Félix Mendonça Júnior,PDT,BA,FALSE,2546,-0.3439,0,-0.1301,0
CD:160667,Guilherme Mussi,PP,SP,FALSE,1053,0.3038,0,0.9527,0
CD:160669,Genecias Noronha,PL,CE,FALSE,1340,0.306,0,0.4956,0
CD:160673,Giovani Cherini,PL,RS,FALSE,2674,0.6301,0,0.1754,0
CD:160674,Hugo Motta,REPUBLICANOS,PB,FALSE,1583,0.1477,0,0.989,0
CD:160758,Domingos Sávio,PL,MG,FALSE,2422,0.5271,0,-0.1359,0
CD:160976,Tiririca,PSD,SP,FALSE,2542,-0.1964,0,0.0849,0
CD:161440,Pezenti,MDB,SC,FALSE,1024,0.7744,0,-0.1372,0
CD:161550,Emidinho Madeira,PL,MG,FALSE,2222,0.4484,0,-0.2811,0
CD:162067,Kiko Celeguim,PT,SP,FALSE,924,-0.7253,0,0.3484,0
CD:162332,Luiz Nishimori,PSD,PR,FALSE,2384,0.2025,0,0.4516,0
CD:163321,Ronaldo Nogueira,REPUBLICANOS,RS,FALSE,685,0.1111,0,0.2608,0
CD:164359,Delegado Waldir,UNIÃO,GO,FALSE,1610,0.265,0,-0.1758,0
CD:164360,Carmen Zanotto,CIDADANIA,SC,FALSE,1845,0.0502,0,-0.3197,0
CD:165470,Rodrigo Valadares,PL,SE,FALSE,911,0.7321,0,0.0314,0
CD:166402,Magda Mofatto,PL,GO,FALSE,2480,0.6092,0,0.2235,0
CD:168175,Simplício Araújo,SOLIDARIEDADE,MA,FALSE,1,,,,
CD:171139,Loreny,SOLIDARIEDADE,SP,FALSE,44,-0.1018,0,0.0326,0
CD:171617,Paulão,PT,AL,FALSE,2678,-0.8139,0,0.2013,0
CD:171619,Margarida Salomão,PT,MG,FALSE,520,-0.8117,0,0.2772,0
CD:171623,Fabio Reis,PSD,SE,FALSE,2123,0.1453,0,0.622,0
CD:171786,Miguel Ângelo,PT,MG,FALSE,832,-0.7604,0,0.3418,0
CD:175765,Ribamar Silva,PODE,SP,FALSE,434,0.0278,0,0.0492,0
CD:177282,Subtenente Gonzaga,PSD,MG,FALSE,1547,-0.3427,0,-0.3192,0
CD:178825,Leo de Brito,PT,AC,FALSE,1253,-0.8015,0,0.1229,0
CD:178829,Capitão Augusto,PL,SP,FALSE,2702,0.6083,0,0.0142,0
CD:178830,Dr. Sinval Malheiros,PODE,SP,FALSE,135,0.0773,0,0.0772,0
CD:178831,André Abdon,PP,AP,FALSE,1741,0.2431,0,0.97,0
CD:178832,Leandre,PSD,PR,FALSE,1458,-0.0939,0,-0.1478,0
CD:178833,Alexandre Serfiotis,PSD,RJ,FALSE,589,-0.1295,0,0.0403,0
CD:178835,Afonso Motta,PDT,RS,FALSE,2631,-0.3795,0,-0.2365,0
CD:178839,Jéssica Sales,MDB,AC,FALSE,1252,0.086,0,0.145,0
CD:178842,JHC,PSB,AL,FALSE,494,-0.1956,0,-0.3521,0
CD:178843,Marx Beltrão,UNIÃO,AL,FALSE,2289,0.1373,0,0.5561,0
CD:178844,Pedro Vilela,PSDB,AL,FALSE,1022,0.1243,0,-0.018,0
CD:178854,Elmar Nascimento,UNIÃO,BA,FALSE,1270,0.1962,0,0.7997,0
CD:178857,Jorge Solla,PT,BA,FALSE,2454,-0.8109,0,0.1295,0
CD:178858,Mário Negromonte Jr.,PSB,BA,FALSE,2445,0.0382,0,0.9993,0
CD:178860,Paulo Azi,UNIÃO,BA,FALSE,2089,0.2007,0,0.3961,0
CD:178861,Ronaldo Carletto,PP,BA,FALSE,1714,0.3902,0,0.9207,0
CD:178862,Tia Eron,REPUBLICANOS,BA,FALSE,730,0.2626,0,0.9649,0
CD:178863,Uldurico Junior,MDB,BA,FALSE,1457,0.1157,0,0.3065,0
CD:178866,Luizianne Lins,REDE,CE,FALSE,2221,-0.8057,0,0.1253,0
CD:178868,Odorico Monteiro,PSB,CE,FALSE,215,-0.5087,0,-0.3338,0
CD:178871,Evair Vieira de Melo,REPUBLICANOS,ES,FALSE,2555,0.7283,0,0.0462,0
CD:178873,Helder Salomão,PT,ES,FALSE,2688,-0.8073,0,0.1316,0
CD:178874,Sergio Vidigal,PDT,ES,FALSE,486,-0.5118,0,-0.8591,0
CD:178876,Célio Silveira,MDB,GO,FALSE,2418,0.1812,0,0.2063,0
CD:178879,Lucas Vergilio,SOLIDARIEDADE,GO,FALSE,1026,0.316,0,0.1208,0
CD:178881,Aluisio Mendes,REPUBLICANOS,MA,FALSE,2432,0.2056,0,0.7403,0
CD:178882,André Fufuca,PP,MA,FALSE,856,0.2677,0,0.9635,0
CD:178884,Hildo Rocha,MDB,MA,FALSE,2149,0.0621,0,0.2101,0
CD:178886,Juscelino Filho,PSDB,MA,FALSE,1687,0.1411,0,0.8788,0
CD:178887,Rubens Pereira Júnior,PT,MA,FALSE,1915,-0.7511,0,0.1731,0
CD:178888,Victor Mendes,MDB,MA,FALSE,163,-0.0087,0,0.6357,0
CD:178889,Zé Carlos,PT,MA,FALSE,1717,-0.7889,0,0.0933,0
CD:178895,Misael Varella,PSD,MG,FALSE,2258,0.17,0,0.4095,0
CD:178896,Newton Cardoso Jr,MDB,MG,FALSE,1697,0.1243,0,0.392,0
CD:178908,Delegado Éder Mauro,PL,PA,FALSE,2083,0.6661,0,0.0373,0
CD:178909,Hélio Leite,UNIÃO,PA,FALSE,1820,0.205,0,0.4133,0
CD:178910,Joaquim Passarinho,PL,PA,FALSE,2925,0.5739,0,-0.0623,0
CD:178912,Pedro Cunha Lima,PSDB,PB,FALSE,1210,0.054,0,-0.2732,0
CD:178916,Daniel Coelho,CIDADANIA,PE,FALSE,1583,-0.0282,0,-0.5632,0
CD:178920,Ricardo Teobaldo,PODE,PE,FALSE,1386,0.1572,0,-0.102,0
CD:178921,Sebastião Oliveira,AVANTE,PE,FALSE,1308,0.3334,0,0.9428,0
CD:178922,Tadeu Alencar,PSB,PE,FALSE,1448,-0.6155,0,-0.4775,0
CD:178924,Capitão Fábio Abreu,PSD,PI,FALSE,1342,0.1121,0,0.3681,0
CD:178925,Rejane Dias,PT,PI,FALSE,1672,-0.7785,0,0.1886,0
CD:178927,Aliel Machado,PV,PR,FALSE,1762,-0.5702,0,-0.3625,0
CD:178928,Christiane de Souza Yared,PP,PR,FALSE,1837,0.2561,0,0.3186,0
CD:178929,Diego Garcia,UNIÃO,PR,FALSE,2521,0.3415,0,-0.2283,0
CD:178930,Roman,PP,PR,FALSE,1274,0.4667,0,0.2026,0
CD:178931,Luciano Ducci,PSB,PR,FALSE,2535,-0.2595,0,0.0792,0
CD:178933,Sergio Souza,MDB,PR,FALSE,2452,0.2214,0,0.5554,0
CD:178934,Toninho Wandscheer,PP,PR,FALSE,2568,0.1516,0,0.7687,0
CD:178935,Rossoni,PSDB,PR,FALSE,590,0.3474,0,0.3071,0
CD:178937,Altineu Côrtes,PL,RJ,FALSE,1442,0.5059,0,0.3395,0
CD:178939,Clarissa Garotinho,UNIÃO,RJ,FALSE,1436,-0.1242,0,0.0468,0
CD:178943,Marcos Soares,PSDB,RJ,FALSE,1191,0.2565,0,0.0478,0
CD:178945,Rosangela Gomes,REPUBLICANOS,RJ,FALSE,1579,0.2496,0,0.9683,0
CD:178946,Soraya Santos,PL,RJ,FALSE,1965,0.5306,0,0.1289,0
CD:178947,Sóstenes Cavalcante,PL,RJ,FALSE,1708,0.5692,0,-0.0436,0
CD:178948,Beto Rosado,PP,RN,FALSE,1201,0.3012,0,0.9337,0
CD:178951,Rafael Motta,PSB,RN,FALSE,1386,-0.5197,0,-0.3826,0
CD:178952,Walter Alves,MDB,RN,FALSE,1331,0.158,0,0.463,0
CD:178953,Expedito Netto,PSD,RO,FALSE,1709,-0.0335,0,0.1476,0
CD:178954,Lucio Mosquini,PL,RO,FALSE,1780,0.3386,0,0.1237,0
CD:178956,Mariana Carvalho,REPUBLICANOS,RO,FALSE,1512,0.1987,0,0.0291,0
CD:178961,Shéridan,PSDB,RR,FALSE,1352,0.0629,0,0.0328,0
CD:178962,Carlos Gomes,REPUBLICANOS,RS,FALSE,2048,0.2637,0,0.9646,0
CD:178963,Covatti Filho,PP,RS,FALSE,1780,0.5602,0,0.1691,0
CD:178964,Heitor Schuch,PSD,RS,FALSE,2032,-0.5231,0,-0.3944,0
CD:178966,Geovania de Sá,REPUBLICANOS,SC,FALSE,2307,0.5394,0,-0.044,0
CD:178969,Fábio Mitidieri,PSD,SE,FALSE,1172,0.0146,0,0.4062,0
CD:178970,João Daniel,PT,SE,FALSE,2484,-0.7694,0,0.1612,0
CD:178972,Alex Manente,CIDADANIA,SP,FALSE,1786,0.0723,0,-0.2661,0
CD:178975,Baleia Rossi,MDB,SP,FALSE,1840,0.1079,0,0.4497,0
CD:178977,Eduardo Cury,PSDB,SP,FALSE,1598,0.1434,0,-0.3786,0
CD:178981,Herculano Passos,REPUBLICANOS,SP,FALSE,1787,0.1813,0,0.2474,0
CD:178982,Luiz Lauro Filho,PSDB,SP,FALSE,83,0.1436,0,-0.0646,0
CD:178983,Marcio Alvino,PL,SP,FALSE,2904,0.6671,0,0.1243,0
CD:178984,Miguel Haddad,PSDB,SP,FALSE,284,0.0672,0,-0.4024,0
CD:178985,Miguel Lombardi,PL,SP,FALSE,2774,0.5524,0,0.0311,0
CD:178986,Nilto Tatto,PT,SP,FALSE,2718,-0.7922,0,0.1108,0
CD:178987,Orlando Silva,PCdoB,SP,FALSE,2369,-0.6604,0,0.1042,0
CD:178989,Renata Abreu,PODE,SP,FALSE,1922,0.008,0,-0.1057,0
CD:178990,Samuel Moreira,PSDB,SP,FALSE,1857,0.0802,0,-0.3555,0
CD:178992,Vitor Lippi,PSD,SP,FALSE,2607,0.0867,0,-0.0898,0
CD:178993,Carlos Henrique Gaguim,UNIÃO,TO,FALSE,2759,0.181,0,0.6849,0
CD:178994,Dulce Miranda,MDB,TO,FALSE,1688,0.1011,0,0.2821,0
CD:178996,Giovani Feltes,MDB,RS,FALSE,1726,0.1865,0,0.0784,0
CD:178997,Moses Rodrigues,UNIÃO,CE,FALSE,1909,0.0798,0,0.5149,0
CD:179000,Marcelo Álvaro Antônio,PL,MG,FALSE,1795,0.6189,0,0.0594,0
CD:179001,Márcio Biolchi,MDB,RS,FALSE,2421,0.1567,0,0.2407,0
CD:179587,Major Vitor Hugo,PL,GO,FALSE,1512,0.7089,0,-0.0713,0
CD:180214,Pastor Diniz,UNIÃO,RR,FALSE,923,0.6061,0,-0.0981,0
CD:182146,Wolmer Araújo,SOLIDARIEDADE,MA,FALSE,67,-0.1709,0,0.931,0
CD:188097,Merlong Solano,PT,PI,FALSE,2501,-0.7399,0,0.1924,0
CD:191923,Flávio Nogueira,PT,PI,FALSE,2802,-0.2707,0,0.7705,0
CD:191945,Zé Augusto Nalin,DEM,RJ,FALSE,130,0.1994,0,0.8264,0
CD:193726,Paulo Eduardo Martins,PL,PR,FALSE,1713,0.8133,0,-0.5819,0
CD:194260,Nivaldo Albuquerque,UNIÃO,AL,FALSE,1413,0.3528,0,0.6214,0
CD:195866,Vaidon Oliveira,UNIÃO,CE,FALSE,1257,0.3249,0,0.667,0
CD:196358,Lourival Gomes,PP,RJ,FALSE,1719,0.4022,0,-0.0019,0
CD:197438,Tito,AVANTE,BA,FALSE,1728,0.347,0,-0.0176,0
CD:198197,Greyce Elias,PL,MG,FALSE,2187,0.3904,0,0.2132,0
CD:198783,Emanuel Pinheiro Neto,PSD,MT,FALSE,2189,-7e-04,0,0.3051,0
CD:204351,Dr. Luiz Ovando,PP,MS,FALSE,2653,0.4036,0,0.1741,0
CD:204352,Camilo Capiberibe,PSB,AP,FALSE,1677,-0.6675,0,-0.3618,0
CD:204353,Aline Gurgel,UNIÃO,AP,FALSE,1381,0.1644,0,0.9734,0
CD:204354,Flávia Arruda,PL,DF,FALSE,810,0.3203,0,0.3726,0
CD:204355,Da Vitoria,PP,ES,FALSE,2792,0.1798,0,0.0723,0
CD:204356,Amaro Neto,PP,ES,FALSE,2928,0.1669,0,0.8881,0
CD:204357,Rose Modesto,UNIÃO,MS,FALSE,1611,-0.0415,0,-0.1007,0
CD:204358,Beto Pereira,REPUBLICANOS,MS,FALSE,2330,0.1795,0,-0.0186,0
CD:204359,Léo Moraes,PODE,RO,FALSE,1779,0.0455,0,-0.4321,0
CD:204360,Silvia Cristina,PP,RO,FALSE,2800,-0.0077,0,-0.854,0
CD:204361,Carlos Chiodini,MDB,SC,FALSE,1670,0.2213,0,0.1136,0
CD:204362,Ricardo Guidi,PL,SC,FALSE,2313,0.5753,0,0.0038,0
CD:204363,Osires Damaso,PSC,TO,FALSE,1574,0.3718,0,0.2721,0
CD:204364,Eli Borges,REPUBLICANOS,TO,FALSE,2239,0.4554,0,-0.2321,0
CD:204365,Gilson Marques,NOVO,SC,FALSE,3015,0.635,0,-0.7725,0
CD:204366,Rodrigo Coelho,PODE,SC,FALSE,1820,0.4927,0,-0.502,0
CD:204367,Daniel Freitas,PL,SC,FALSE,2767,0.7902,0,-0.1992,0
CD:204368,Fabio Schiochet,UNIÃO,SC,FALSE,2690,0.4616,0,0.0779,0
CD:204369,Caroline de Toni,PL,SC,FALSE,2725,0.8063,0,-0.3177,0
CD:204370,Célio Moura,PT,TO,FALSE,1722,-0.802,0,0.1698,0
CD:204371,Felipe Rigoni,UNIÃO,ES,FALSE,1610,-0.0073,0,-1,0
CD:204372,Julio Cesar Ribeiro,REPUBLICANOS,DF,FALSE,2563,0.1814,0,0.9479,0
CD:204373,Hélio Costa,PSD,SC,FALSE,1803,0.1841,0,0.138,0
CD:204374,Bia Kicis,PL,DF,FALSE,2737,0.7647,0,-0.1605,0
CD:204375,Leda Sadala,PP,AP,FALSE,1314,0.2489,0,0.4508,0
CD:204376,Coronel Armando,PP,SC,FALSE,1841,0.5725,0,0.0636,0
CD:204377,Paula Belmonte,CIDADANIA,DF,FALSE,1702,0.2783,0,-0.6761,0
CD:204378,Coronel Chrisóstomo,PL,RO,FALSE,2732,0.6883,0,-0.0438,0
CD:204379,Acácio Favacho,MDB,AP,FALSE,2277,0.1696,0,0.7542,0
CD:204380,Celina Leão,PP,DF,FALSE,976,0.2775,0,0.6443,0
CD:204381,Luis Miranda,REPUBLICANOS,DF,FALSE,1678,0.2878,0,0.1786,0
CD:204382,Loester Trutis,PL,MS,FALSE,1609,0.4519,0,-0.1357,0
CD:204383,Professor Israel Batista,PSB,DF,FALSE,1775,-0.5919,0,-0.5008,0
CD:204384,Ney Leprevost,UNIÃO,PR,FALSE,339,0.0749,0,0.0553,0
CD:204385,Valdevan Noventa,PL,SE,FALSE,1288,0.0082,0,0.415,0
CD:204386,Jose Mario Schreiner,MDB,GO,FALSE,1817,0.3573,0,0.3482,0
CD:204387,Sargento Fahur,PL,PR,FALSE,2996,0.8179,0,-0.3612,0
CD:204388,Bibo Nunes,PL,RS,FALSE,2912,0.6625,0,-0.0187,0
CD:204389,Elias Vaz,PSB,GO,FALSE,1741,-0.6825,0,-0.6932,0
CD:204390,Professor Alcides,PSDB,GO,FALSE,2471,0.5452,0,0.2192,0
CD:204391,José Nelto,UNIÃO,GO,FALSE,1745,0.0521,0,0.0307,0
CD:204392,Francisco Jr.,PSD,GO,FALSE,1729,0.3251,0,0.319,0
CD:204393,Frei Anastacio Ribeiro,PT,PB,FALSE,1719,-0.8121,0,0.1411,0
CD:204394,Gervásio Maia,PCdoB,PB,FALSE,2836,-0.6226,0,-0.287,0
CD:204395,Pedro Lupion,REPUBLICANOS,PR,FALSE,2127,0.4911,0,0.2914,0
CD:204396,Vermelho,PL,PR,FALSE,1968,0.4106,0,0.2768,0
CD:204397,Boca Aberta,PROS,PR,FALSE,744,-0.0735,0,0.1096,0
CD:204398,Felipe Francischini,PODE,PR,FALSE,2717,0.5046,0,0.0854,0
CD:204399,Schiavinato,PP,PR,FALSE,672,0.3797,0,0.9251,0
CD:204400,Aline Sleutjes,PROS,PR,FALSE,1706,0.6403,0,-0.0541,0
CD:204403,Marlon Santos,PL,RS,FALSE,1276,0.1447,0,0.3662,0
CD:204404,Lucas Redecker,PSD,RS,FALSE,2887,0.4344,0,-0.6074,0
CD:204405,Liziane Bayer,REPUBLICANOS,RS,FALSE,1806,-0.0262,0,0.0206,0
CD:204406,Pedro Westphalen,PP,RS,FALSE,2569,0.4547,0,0.1659,0
CD:204407,Fernanda Melchionna,PSOL,RS,FALSE,2532,-0.789,0,-0.6144,0
CD:204408,Gustinho Ribeiro,PP,SE,FALSE,2539,0.1459,0,0.9142,0
CD:204409,Daniel Trzeciak,PSDB,RS,FALSE,2695,0.3409,0,-0.6052,0
CD:204410,Luisa Canziani,UNIÃO,PR,FALSE,1679,0.2819,0,0.1476,0
CD:204411,Filipe Barros,PL,PR,FALSE,2240,0.7365,0,-0.0922,0
CD:204412,Dr. Zacharias Calil,MDB,GO,FALSE,2819,0.3836,0,0.0053,0
CD:204413,Alcides Rodrigues,PATRIOTA,GO,FALSE,1576,0.4289,0,0.3414,0
CD:204414,Aroldo Martins,REPUBLICANOS,PR,FALSE,1616,0.3437,0,0.8764,0
CD:204415,Nereu Crispim,PSD,RS,FALSE,1733,0.2829,0,0.1749,0
CD:204416,Sanderson,PL,RS,FALSE,2698,0.751,0,-0.1653,0
CD:204418,Luizão Goulart,SOLIDARIEDADE,PR,FALSE,1718,0.2565,0,0.5158,0
CD:204419,Glaustin da Fokus,PODE,GO,FALSE,2212,0.2268,0,0.381,0
CD:204420,Julian Lemos,UNIÃO,PB,FALSE,1620,0.3437,0,-0.0053,0
CD:204421,Edna Henrique,REPUBLICANOS,PB,FALSE,1268,0.1023,0,0.0212,0
CD:204422,Ossesio Silva,REPUBLICANOS,PE,FALSE,2729,0.1944,0,0.9809,0
CD:204423,André Ferreira,PL,PE,FALSE,1873,0.5689,0,0.2298,0
CD:204425,Silvio Costa Filho,REPUBLICANOS,PE,FALSE,1616,0.1158,0,0.9933,0
CD:204426,Carlos Veras,PT,PE,FALSE,2633,-0.7966,0,0.2064,0
CD:204427,Fernando Rodolfo,PRD,PE,FALSE,2250,0.3052,0,-0.2844,0
CD:204428,Marília Arraes,SOLIDARIEDADE,PE,FALSE,1476,-0.8029,0,0.1593,0
CD:204429,João H. Campos,PSB,PE,FALSE,509,-0.6237,0,-0.2484,0
CD:204430,Margarete Coelho,PP,PI,FALSE,1363,0.232,0,0.9727,0
CD:204431,Marcos Aurélio Sampaio,MDB,PI,FALSE,2450,0.0923,0,0.6799,0
CD:204432,Marina Santos,REPUBLICANOS,PI,FALSE,1803,0.2677,0,0.6609,0
CD:204433,Marcelo Calero,PSD,RJ,FALSE,1042,-0.1458,0,-0.5947,0
CD:204434,Dra. Vanda Milani,PROS,AC,FALSE,1556,0.2934,0,0.53,0
CD:204435,Jesus Sérgio,PDT,AC,FALSE,1607,-0.4359,0,-0.261,0
CD:204436,Isnaldo Bulhões Jr.,MDB,AL,FALSE,1360,0.0981,0,0.7386,0
CD:204437,Severino Pessoa,MDB,AL,FALSE,1288,0.2799,0,0.786,0
CD:204438,Sergio Toledo,PV,AL,FALSE,1401,0.1085,0,0.9941,0
CD:204439,Dr. Leonardo,REPUBLICANOS,MT,FALSE,1615,0.1656,0,0.2346,0
CD:204440,Christino Aureo,PP,RJ,FALSE,1691,0.3176,0,0.8855,0
CD:204441,Otoni de Paula,PSD,RJ,FALSE,2057,0.3126,0,0.1619,0
CD:204442,Gurgel,PL,RJ,FALSE,1769,0.5516,0,0.0273,0
CD:204444,Helio Lopes,PL,RJ,FALSE,2469,0.6805,0,-0.0491,0
CD:204445,Fernando Mineiro,PT,RN,FALSE,911,-0.776,0,0.1819,0
CD:204446,Professor Joziel,PATRIOTA,RJ,FALSE,1616,0.5044,0,-0.1357,0
CD:204447,Flordelis,PSD,RJ,FALSE,913,0.2836,0,0.8409,0
CD:204448,Luiz Antônio Corrêa,PP,RJ,FALSE,2056,0.2447,0,0.9696,0
CD:204449,Nelson Barbudo,PODE,MT,FALSE,1971,0.6457,0,0.0271,0
CD:204450,Doutor Luizinho,PP,RJ,FALSE,1682,0.2312,0,0.9161,0
CD:204451,Delegado Antônio Furtado,UNIÃO,RJ,FALSE,1623,0.2421,0,-0.1039,0
CD:204452,Márcio Labre,PL,RJ,FALSE,1726,0.6148,0,0.0086,0
CD:204453,Natália Bonavides,PT,RN,FALSE,2585,-0.8284,0,-0.035,0
CD:204454,Daniel Silveira,PTB,RJ,FALSE,1361,0.6869,0,0.0041,0
CD:204455,Luiz Lima,NOVO,RJ,FALSE,2973,0.75,0,-0.1823,0
CD:204456,Gutemberg Reis,MDB,RJ,FALSE,2569,0.1238,0,0.6859,0
CD:204457,Juninho do Pneu,PSDB,RJ,FALSE,2473,0.1402,0,0.6775,0
CD:204458,Major Fabiana,PL,RJ,FALSE,1632,0.6947,0,-0.0437,0
CD:204459,Daniela do Waguinho,REPUBLICANOS,RJ,FALSE,2560,0.021,0,0.7779,0
CD:204460,Carlos Jordy,PL,RJ,FALSE,2732,0.7766,0,-0.1327,0
CD:204461,Paulo Ganime,NOVO,RJ,FALSE,1871,0.5801,0,-0.8146,0
CD:204462,Chris Tonietto,PL,RJ,FALSE,2495,0.7985,0,-0.3553,0
CD:204463,Wladimir Garotinho,PSD,RJ,FALSE,458,0.0908,0,0.35,0
CD:204464,Talíria Petrone,PSOL,RJ,FALSE,1898,-0.7792,0,-0.6267,0
CD:204465,Haroldo Cathedral,PSD,RR,FALSE,1396,0.2994,0,0.4126,0
CD:204466,Tereza Nelma,PSD,AL,FALSE,1371,-0.1133,0,-0.0645,0
CD:204467,Professora Rosa Neide,PT,MT,FALSE,1736,-0.8018,0,0.1506,0
CD:204468,Joenia Wapichana,REDE,RR,FALSE,1721,-0.6472,0,-0.6673,0
CD:204469,Manuel Marcos,REPUBLICANOS,AC,FALSE,482,0.378,0,0.7528,0
CD:204471,Mara Rocha,MDB,AC,FALSE,1806,0.0711,0,-0.1038,0
CD:204472,José Medeiros,PL,MT,FALSE,2508,0.6447,0,-0.0705,0
CD:204473,General Girão,PL,RN,FALSE,2652,0.6707,0,-0.1124,0
CD:204474,Juarez Costa,REPUBLICANOS,MT,FALSE,2252,0.1131,0,0.4073,0
CD:204475,Ottaci Nascimento,SOLIDARIEDADE,RR,FALSE,1339,0.2396,0,0.6101,0
CD:204476,Chiquinho Brazão,UNIÃO,RJ,FALSE,1903,0.2818,0,0.6884,0
CD:204477,Felício Laterça,PP,RJ,FALSE,1819,0.4937,0,-0.0793,0
CD:204478,Vinicius Farah,UNIÃO,RJ,FALSE,947,0.1359,0,0.3865,0
CD:204479,Nicoletti,PL,RR,FALSE,2611,0.681,0,-0.1244,0
CD:204480,Rogério Correia,PT,MG,FALSE,2690,-0.823,0,0.1466,0
CD:204481,Dr. Jaziel,PL,CE,FALSE,2302,0.6648,0,-0.1978,0
CD:204482,Euclydes Pettersen,REPUBLICANOS,MG,FALSE,1834,0.1694,0,0.5506,0
CD:204483,Vilson da Fetaemg,PSB,MG,FALSE,1784,-0.6102,0,-0.4159,0
CD:204484,General Peternelli,UNIÃO,SP,FALSE,1827,0.6091,0,-0.0558,0
CD:204485,Luiz Carlos Motta,PL,SP,FALSE,2667,0.4429,0,0.1945,0
CD:204486,Mauro Benevides Filho,UNIÃO,CE,FALSE,2073,-0.4389,0,-0.1791,0
CD:204487,Capitão Wagner,UNIÃO,CE,FALSE,1329,0.0552,0,-0.005,0
CD:204488,Célio Studart,PSD,CE,FALSE,2346,-0.3591,0,-0.7351,0
CD:204489,Robério Monteiro,PSB,CE,FALSE,2176,-0.4166,0,-0.0753,0
CD:204490,Charlles Evangelista,PP,MG,FALSE,1649,0.5393,0,-0.0693,0
CD:204491,Gilberto Abramo,REPUBLICANOS,MG,FALSE,2526,0.2164,0,0.9763,0
CD:204492,Paulo Guedes,PT,MG,FALSE,2760,-0.7775,0,0.2268,0
CD:204494,Fred Costa,PRD,MG,FALSE,1651,0.1293,0,0.3309,0
CD:204495,Airton Faleiro,PT,PA,FALSE,2510,-0.7909,0,0.1765,0
CD:204496,Celso Sabino,PDT,PA,FALSE,1519,0.191,0,0.7399,0
CD:204497,Júnior Ferrari,PSD,PA,FALSE,2681,0.206,0,0.1319,0
CD:204498,Olival Marques,PODE,PA,FALSE,2533,0.2262,0,0.5084,0
CD:204499,Cássio Andrade,PSB,PA,FALSE,1149,-0.3514,0,0.0028,0
CD:204500,Eduardo Costa,PSD,PA,FALSE,1522,0.2291,0,0.4444,0
CD:204501,Alencar Santana,PT,SP,FALSE,2428,-0.8048,0,0.2048,0
CD:204502,Bozzella,UNIÃO,SP,FALSE,1698,0.0038,0,-0.4099,0
CD:204503,Alexandre Padilha,PT,SP,FALSE,1652,-0.8301,0,0.1794,0
CD:204504,Cezinha de Madureira,PL,SP,FALSE,2498,0.1849,0,0.7883,0
CD:204505,Vavá Martins,REPUBLICANOS,PA,FALSE,1483,0.2841,0,0.9588,0
CD:204506,Marcos Pereira,REPUBLICANOS,SP,FALSE,1922,0.231,0,0.9729,0
CD:204507,Carla Zambelli,PL,SP,FALSE,2263,0.7882,0,-0.2391,0
CD:204508,Igor Timo,UNIÃO,MG,FALSE,2162,0.0468,0,0.1361,0
CD:204509,Áurea Carolina,PSOL,MG,FALSE,1229,-0.8637,0,-0.504,0
CD:204510,Franco Cartafina,PP,MG,FALSE,1598,0.2915,0,0.0618,0
CD:204511,David Soares,PODE,SP,FALSE,1906,0.3401,0,0.0397,0
CD:204512,Delegado Marcelo Freitas,UNIÃO,MG,FALSE,2818,0.243,0,0.3117,0
CD:204513,Guiga Peixoto,PSC,SP,FALSE,1910,0.7428,0,-0.3545,0
CD:204514,Coronel Tadeu,PL,SP,FALSE,1675,0.6728,0,-0.1171,0
CD:204515,André Janones,REDE,MG,FALSE,2625,-0.3542,0,-0.1457,0
CD:204516,Alexis Fonteyne,NOVO,SP,FALSE,1861,0.5772,0,-0.8166,0
CD:204517,Zé Vitor,PL,MG,FALSE,1831,0.435,0,0.0176,0
CD:204518,Dr. Frederico,PL,MG,FALSE,2240,0.649,0,-0.1327,0
CD:204519,Tiago Mitraud,NOVO,MG,FALSE,1951,0.5783,0,-0.8158,0
CD:204520,Junio Amaral,PL,MG,FALSE,2746,0.8546,0,-0.3853,0
CD:204521,Abou Anni,UNIÃO,SP,FALSE,1643,0.4149,0,-0.0537,0
CD:204522,Marco Bertaiolli,PSD,SP,FALSE,1797,0.2469,0,0.3378,0
CD:204523,Lucas Gonzalez,NOVO,MG,FALSE,1831,0.5832,0,-0.8123,0
CD:204524,Pinheirinho,PP,MG,FALSE,1668,0.2677,0,0.7648,0
CD:204525,Rosana Valle,PL,SP,FALSE,2783,0.1378,0,-0.9899,0
CD:204526,Luiz Philippe de Orleans e Bragança,PL,SP,FALSE,2476,0.8658,0,-0.5004,0
CD:204527,Geninho Zuliani,UNIÃO,SP,FALSE,988,0.2835,0,0.2093,0
CD:204528,Adriana Ventura,NOVO,SP,FALSE,2959,0.6303,0,-0.7764,0
CD:204529,Policial Katia Sastre,PL,SP,FALSE,1688,0.4547,0,0.1997,0
CD:204530,Rodrigo Agostinho,PSB,SP,FALSE,1845,-0.4478,0,-0.8019,0
CD:204531,Guilherme Derrite,PP,SP,FALSE,1891,0.7624,0,-0.3181,0
CD:204532,Vinicius Poit,NOVO,SP,FALSE,1908,0.5782,0,-0.8159,0
CD:204533,Idilvan Alencar,PSB,CE,FALSE,2380,-0.6138,0,-0.5124,0
CD:204534,Tabata Amaral,PSB,SP,FALSE,2707,-0.301,0,-0.9536,0
CD:204535,Sâmia Bomfim,PSOL,SP,FALSE,2089,-0.7857,0,-0.6186,0
CD:204536,Kim Kataguiri,MISSÃO,SP,FALSE,2325,0.5277,0,-0.8494,0
CD:204537,Enrico Misasi,MDB,SP,FALSE,1640,-0.0606,0,-0.3743,0
CD:204538,Paulo Bengtson,PTB,PA,FALSE,1322,0.386,0,0.3825,0
CD:204539,Hercílio Coelho Diniz,MDB,MG,FALSE,2137,0.1382,0,0.3581,0
CD:204540,Maria Rosas,REPUBLICANOS,SP,FALSE,2602,0.1941,0,0.8083,0
CD:204541,Eduardo Bismarck,PV,CE,FALSE,2217,-0.3892,0,-0.0746,0
CD:204542,Denis Bezerra,PSB,CE,FALSE,1459,-0.6231,0,-0.4854,0
CD:204543,Luiz Flávio Gomes,PSB,SP,FALSE,164,-0.3461,0,-0.9382,0
CD:204544,Alexandre Frota,PROS,SP,FALSE,1654,-0.2847,0,-0.4113,0
CD:204545,Alê Silva,REPUBLICANOS,MG,FALSE,1783,0.6611,0,-0.0209,0
CD:204546,Joice Hasselmann,PSDB,SP,FALSE,1534,0.1597,0,-0.6989,0
CD:204547,Léo Motta,REPUBLICANOS,MG,FALSE,1169,0.5454,0,-0.0447,0
CD:204548,Heitor Freire,UNIÃO,CE,FALSE,1545,0.5357,0,-0.1732,0
CD:204549,AJ Albuquerque,PP,CE,FALSE,2269,0.1723,0,0.985,0
CD:204550,Júnior Mano,PSB,CE,FALSE,1527,0.1491,0,0.9888,0
CD:204551,Bosco Saraiva,SOLIDARIEDADE,AM,FALSE,1383,0.2531,0,0.5181,0
CD:204552,Eduardo Braide,PODE,MA,FALSE,592,-0.2791,0,-0.2962,0
CD:204553,Pastor Sargento Isidório,AVANTE,BA,FALSE,2711,-0.4131,0,0.0311,0
CD:204554,Abílio Santana,PSC,BA,FALSE,1497,0.3851,0,0.9229,0
CD:204555,José Ricardo,PT,AM,FALSE,1652,-0.8189,0,0.1188,0
CD:204556,Marcelo Ramos,PSD,AM,FALSE,1089,0.1691,0,0.5658,0
CD:204557,Sidney Leite,PSD,AM,FALSE,2239,0.0735,0,0.0091,0
CD:204558,Marcelo Nilo,REPUBLICANOS,BA,FALSE,1816,-0.3224,0,-0.3374,0
CD:204559,Zé Neto,PT,BA,FALSE,2291,-0.7503,0,0.1293,0
CD:204560,Adolfo Viana,PSDB,BA,FALSE,2052,0.1727,0,0.5172,0
CD:204561,Bira do Pindaré,PSB,MA,FALSE,1677,-0.731,0,-0.4074,0
CD:204562,Edilázio Júnior,PSD,MA,FALSE,1489,0.3664,0,0.733,0
CD:204563,Josimar Maranhãozinho,PL,MA,FALSE,1377,0.4217,0,0.2301,0
CD:204564,Igor Kannário,UNIÃO,BA,FALSE,1095,0.1691,0,0.3148,0
CD:204565,Professora Dayane Pimentel,UNIÃO,BA,FALSE,1625,0.2027,0,-0.5099,0
CD:204566,Marreca Filho,PRD,MA,FALSE,1973,0.1053,0,0.492,0
CD:204567,Raimundo Costa,PSD,BA,FALSE,2211,0.088,0,0.8008,0
CD:204569,Delegado Pablo,UNIÃO,AM,FALSE,1482,0.5295,0,0.0052,0
CD:204570,Pastor Gil,PL,MA,FALSE,2117,0.5086,0,0.2388,0
CD:204571,Alex Santana,REPUBLICANOS,BA,FALSE,2099,0.0277,0,0.2578,0
CD:204572,Capitão Alberto Neto,PL,AM,FALSE,2431,0.6099,0,-0.0662,0
CD:204573,Otto Alencar Filho,PSD,BA,FALSE,2572,-0.0637,0,0.3406,0
CD:204574,Junior Lourenço,MDB,MA,FALSE,1596,0.1671,0,0.9859,0
CD:204575,Gil Cutrim,REPUBLICANOS,MA,FALSE,1595,0.2014,0,0.6964,0
CD:204576,João Roma,PL,BA,FALSE,812,0.4174,0,0.4204,0
CD:205476,Charles Fernandes,PSD,BA,FALSE,2615,0.0192,0,0.4659,0
CD:205535,Patricia Ferraz,PL,AP,FALSE,228,0.1861,0,0.0784,0
CD:205548,David Miranda,PDT,RJ,FALSE,1434,-0.8358,0,-0.549,0
CD:205550,Jorge Braz,REPUBLICANOS,RJ,FALSE,2759,0.2123,0,0.9772,0
CD:205863,Marcelo Brum,REPUBLICANOS,RS,FALSE,1378,0.6333,0,0.0825,0
CD:205865,Reinhold Stephanes,PSD,PR,FALSE,1844,0.5199,0,0.1811,0
CD:206018,Célia Xakriabá,PSOL,MG,FALSE,842,-0.7173,0,-0.6967,0
CD:206231,Ted Conti,PSB,ES,FALSE,1464,-0.3842,0,-0.3982,0
CD:207176,Bia Cavassa,PSDB,MS,FALSE,1434,0.0937,0,0.0036,0
CD:207309,Enéias Reis,PSL,MG,FALSE,426,0.5583,0,-0.231,0
CD:208297,Katia Dias,REPUBLICANOS,MG,FALSE,110,0.06,0,0.2243,0
CD:209189,Joseildo Ramos,PT,BA,FALSE,2486,-0.7908,0,0.1557,0
CD:209787,Nikolas Ferreira,PL,MG,FALSE,1031,0.8279,0,-0.4864,0
CD:210989,Bruno Farias,REPUBLICANOS,MG,FALSE,874,0.0195,0,0.4302,0
CD:211649,Ricardo Pericar,PSL,RJ,FALSE,74,0.7687,0,-0.2483,0
CD:211866,Fabiano Tolentino,CIDADANIA,MG,FALSE,136,0.3423,0,-0.7729,0
CD:212504,Fernando Borja,AVANTE,MG,FALSE,67,0.1111,0,-0.181,0
CD:212625,Dr. Gonçalo,PODE,MA,FALSE,408,0.1666,0,0.986,0
CD:212749,Marcão Gomes,PL,RJ,FALSE,205,0.4761,0,0.8794,0
CD:213274,Ricardo Silva,PSD,SP,FALSE,1502,-0.105,0,-0.0211,0
CD:213679,Dr. João,PROS,BA,FALSE,130,0.312,0,0.1705,0
CD:213762,Carla Dickson,PL,RN,FALSE,1893,0.3855,0,0.0464,0
CD:213854,Dr. Agripino Magalhães,UNIÃO,CE,FALSE,148,0.1999,0,0.0591,0
CD:213856,Deuzinho Filho,REPUBLICANOS,CE,FALSE,66,0.1013,0,0.9432,0
CD:214445,Nilson F. Stainsack,PP,SC,FALSE,133,0.4583,0,0.8209,0
CD:214477,RRenato Queiroz,PSD,RR,FALSE,349,0.124,0,0.0502,0
CD:214694,Jorge Goetten,REPUBLICANOS,SC,FALSE,1004,0.2617,0,0.4706,0
CD:214865,Joceval Rodrigues,CIDADANIA,BA,FALSE,65,-0.1816,0,0.4985,0
CD:215042,Ricardo da Karol,PDT,RJ,FALSE,1108,0.0387,0,0.6507,0
CD:215043,Josivaldo JP,UNIÃO,MA,FALSE,2038,0.173,0,0.0669,0
CD:215044,Vivi Reis,PSOL,PA,FALSE,1190,-0.8166,0,-0.5773,0
CD:215045,Pedro Augusto Palareti,PP,RJ,FALSE,946,0.2137,0,0.4446,0
CD:215361,Rachel Marques,PT,CE,FALSE,7,,,,
CD:216198,Norma Pereira,PSDB,SC,FALSE,51,0.2603,0,0.8534,0
CD:216313,Rafafá,PSDB,PB,FALSE,232,0.141,0,0.1681,0
CD:216544,Paulo Vicente Caleffi,PSD,RS,FALSE,601,0.359,0,0.4745,0
CD:216545,Totonho Lopes,PDT,CE,FALSE,254,-0.4556,0,-0.2298,0
CD:217036,Henrique do Paraíso,REPUBLICANOS,SP,FALSE,261,0.3102,0,0.9507,0
CD:217330,Pedro Dalua,PSC,AP,FALSE,391,0.4636,0,0.3575,0
CD:217480,Jones Moura,PSD,RJ,FALSE,791,0.1831,0,0.7984,0
CD:218086,Ely Santos,REPUBLICANOS,SP,FALSE,1098,0.1229,0,0.9924,0
CD:218245,Jorielson,PL,AP,FALSE,194,0.5004,0,0.5171,0
CD:218741,Patrick Dorneles,PSD,PB,FALSE,106,-0.1376,0,0.5657,0
CD:218879,Nelho Bezerra,UNIÃO,CE,FALSE,216,-0.0201,0,-0.0536,0
CD:219568,Tiago Andrino,PSB,TO,FALSE,99,-0.4051,0,-0.9143,0
CD:219585,Marco Brasil,PP,PR,FALSE,610,0.1196,0,0.5414,0
CD:219592,Lucas Follador,PSC,RO,FALSE,97,0.422,0,0.3635,0
CD:219599,Sargento Alexandre,PODE,SP,FALSE,90,0.1574,0,0.074,0
CD:220008,Eliza Virgínia,PP,PB,FALSE,125,0.5716,0,0.302,0
CD:220526,Gilvan da Federal,PL,ES,FALSE,883,0.7947,0,-0.5698,0
CD:220527,Jack Rocha,PT,ES,FALSE,1064,-0.7796,0,0.2699,0
CD:220528,Dr. Victor Linhalis,PSB,ES,FALSE,848,-0.0698,0,0.4266,0
CD:220529,Gilson Daniel,PODE,ES,FALSE,1042,-0.2058,0,0.093,0
CD:220530,Messias Donato,UNIÃO,ES,FALSE,1037,0.6599,0,-0.1594,0
CD:220531,Gilvan Maximo,REPUBLICANOS,DF,FALSE,623,0.027,0,0.9527,0
CD:220532,Rafael Prudente,MDB,DF,FALSE,805,0.1262,0,0.4805,0
CD:220533,Prof. Reginaldo Veras,PV,DF,FALSE,980,-0.6431,0,-0.3229,0
CD:220534,Fred Linhares,REPUBLICANOS,DF,FALSE,980,0.0813,0,0.8153,0
CD:220536,Zé Haroldo Cathedral,UNIÃO,RR,FALSE,979,0.0078,0,0.1122,0
CD:220537,Helena Lima,PSD,RR,FALSE,684,-0.107,0,0.3054,0
CD:220538,Albuquerque,REPUBLICANOS,RR,FALSE,930,0.0218,0,0.8817,0
CD:220539,Defensor Stélio Dener,UNIÃO,RR,FALSE,1047,-0.0279,0,0.9996,0
CD:220540,Duda Ramos,PODE,RR,FALSE,717,0.0485,0,0.1956,0
CD:220542,Alexandre Guimarães,MDB,TO,FALSE,839,0.1897,0,0.3408,0
CD:220543,Ricardo Ayres,REPUBLICANOS,TO,FALSE,1094,-0.0273,0,0.713,0
CD:220544,Antonio Andrade,PSDB,TO,FALSE,1053,0.0535,0,0.5522,0
CD:220545,Filipe Martins,PL,TO,FALSE,1030,0.7007,0,-0.1037,0
CD:220546,Rodolfo Nogueira,PL,MS,FALSE,1080,0.8041,0,-0.5182,0
CD:220547,Marcos Pollon,PL,MS,FALSE,1013,0.835,0,-0.4809,0
CD:220548,Camila Jara,PT,MS,FALSE,953,-0.7555,0,-0.1157,0
CD:220549,Any Ortiz,PP,RS,FALSE,965,0.5397,0,-0.567,0
CD:220550,Mauricio Marcon,PL,RS,FALSE,1035,0.8413,0,-0.3653,0
CD:220551,Franciane Bayer,REPUBLICANOS,RS,FALSE,992,0.295,0,0.2731,0
CD:220552,Zucco,PL,RS,FALSE,1083,0.7683,0,-0.3591,0
CD:220553,Denise Pessôa,PT,RS,FALSE,1005,-0.7452,0,-0.0104,0
CD:220554,Alexandre Lindenmeyer,PT,RS,FALSE,880,-0.7843,0,0.0225,0
CD:220555,Daiana Santos,PCdoB,RS,FALSE,878,-0.7486,0,-0.1869,0
CD:220556,Ana Paula Lima,PT,SC,FALSE,980,-0.7524,0,0.3191,0
CD:220557,Daniela Reinehr,PL,SC,FALSE,954,0.776,0,-0.3249,0
CD:220558,Zé Trovão,PL,SC,FALSE,988,0.8069,0,-0.5907,0
CD:220559,Julia Zanatta,PL,SC,FALSE,860,0.9088,0,-0.4173,0
CD:220560,Thiago de Joaldo,REPUBLICANOS,SE,FALSE,823,0.1646,0,0.1901,0
CD:220561,Delegada Katarina,PSD,SE,FALSE,962,-0.0591,0,0.2666,0
CD:220563,Icaro de Valmir,REPUBLICANOS,SE,FALSE,874,0.264,0,0.2487,0
CD:220564,Yandra Moura,UNIÃO,SE,FALSE,639,0.0352,0,0.2879,0
CD:220565,Delegada Adriana Accorsi,PT,GO,FALSE,813,-0.719,0,0.2352,0
CD:220566,Lêda Borges,REPUBLICANOS,GO,FALSE,766,0.0831,0,0.2805,0
CD:220567,Jeferson Rodrigues,PSDB,GO,FALSE,810,0.0485,0,0.8575,0
CD:220568,Gustavo Gayer,PL,GO,FALSE,985,0.8707,0,-0.4356,0
CD:220569,Silvye Alves,UNIÃO,GO,FALSE,848,0.3146,0,-0.1026,0
CD:220570,Dr. Ismael Alexandrino,PSD,GO,FALSE,813,0.1932,0,0.169,0
CD:220571,Daniel Agrobom,PSD,GO,FALSE,1087,0.4581,0,-0.1451,0
CD:220572,Marussa Boldrin,REPUBLICANOS,GO,FALSE,640,0.208,0,0.336,0
CD:220573,Dorinaldo Malafaia,PDT,AP,FALSE,859,-0.4687,0,-0.3805,0
CD:220574,Cabo Gilberto Silva,PL,PB,FALSE,1032,0.8167,0,-0.3066,0
CD:220575,Sonize Barbosa,PL,AP,FALSE,440,0.4374,0,0.243,0
CD:220576,Alfredo Gaspar,PL,AL,FALSE,964,0.5675,0,-0.8234,0
CD:220577,Augusto Puppio,MDB,AP,FALSE,668,-0.081,0,0.9045,0
CD:220578,Josenildo,PDT,AP,FALSE,1094,-0.371,0,-0.2217,0
CD:220579,Silvia Waiãpi,PL,AP,FALSE,553,0.7746,0,-0.2019,0
CD:220580,Professora Goreth,PDT,AP,FALSE,536,-0.4665,0,-0.1894,0
CD:220581,Luciano Amaral,PSD,AL,FALSE,1019,-0.2476,0,0.5418,0
CD:220582,Daniel Barbosa,PP,AL,FALSE,798,-0.3432,0,0.3945,0
CD:220583,Delegado Fabio Costa,PP,AL,FALSE,1040,0.5,0,-0.1142,0
CD:220584,Murilo Galdino,REPUBLICANOS,PB,FALSE,892,-0.0752,0,0.9584,0
CD:220585,Mersinho Lucena,PSD,PB,FALSE,706,-0.0161,0,0.7572,0
CD:220586,Rafael Brito,MDB,AL,FALSE,874,-0.1558,0,0.0071,0
CD:220587,Gerlen Diniz,PP,AC,FALSE,498,0.3068,0,-0.2644,0
CD:220588,Roberto Duarte,REPUBLICANOS,AC,FALSE,1082,0.3586,0,0.0398,0
CD:220590,Coronel Ulysses,UNIÃO,AC,FALSE,991,0.5164,0,-0.1712,0
CD:220591,Meire Serafim,UNIÃO,AC,FALSE,927,-0.2437,0,0.7528,0
CD:220592,Zezinho Barbary,PP,AC,FALSE,865,-0.0073,0,0.4626,0
CD:220593,Abilio Brunini,PL,MT,FALSE,393,0.6655,0,-0.539,0
CD:220594,Coronel Assis,PL,MT,FALSE,971,0.7003,0,-0.3541,0
CD:220595,Coronel Fernanda,PL,MT,FALSE,924,0.651,0,-0.0802,0
CD:220596,Amália Barros,PL,MT,FALSE,337,0.7467,0,-0.1869,0
CD:220597,Thiago Flores,UNIÃO,RO,FALSE,924,0.4258,0,-0.0207,0
CD:220598,Tarcísio Motta,PSOL,RJ,FALSE,1021,-0.6957,0,-0.7183,0
CD:220599,Marcelo Crivella,REPUBLICANOS,RJ,FALSE,959,0.0855,0,0.7067,0
CD:220600,Lebrão,UNIÃO,RO,FALSE,552,0.0705,0,0.3089,0
CD:220601,Washington Quaquá,PT,RJ,FALSE,312,-0.7176,0,0.4833,0
CD:220602,Dimas Gadelha,PT,RJ,FALSE,938,-0.7637,0,0.3329,0
CD:220603,Dani Cunha,PL,RJ,FALSE,892,0.154,0,0.4873,0
CD:220604,Marcos Tavares,PDT,RJ,FALSE,892,-0.3242,0,-0.1135,0
CD:220605,Bandeira de Mello,PV,RJ,FALSE,1027,-0.62,0,-0.265,0
CD:220606,Reimont,PT,RJ,FALSE,983,-0.7961,0,0.1977,0
CD:220607,Max Lemos,UNIÃO,RJ,FALSE,1035,-0.2802,0,0.0483,0
CD:220608,Cristiane Lopes,PODE,RO,FALSE,1001,0.3737,0,-0.0625,0
CD:220609,Maurício Carvalho,UNIÃO,RO,FALSE,902,0.4174,0,-0.0917,0
CD:220610,Dr. Fernando Máximo,PL,RO,FALSE,887,0.5774,0,-0.1495,0
CD:220611,General Pazuello,PL,RJ,FALSE,1034,0.6504,0,0.0057,0
CD:220612,Bebeto,PP,RJ,FALSE,1110,0.0033,0,0.7932,0
CD:220613,Roberto Monteiro Pai,PL,RJ,FALSE,978,0.6328,0,0.1535,0
CD:220614,Dr. Daniel Soranz,PSD,RJ,FALSE,233,-0.27,0,-0.1261,0
CD:220615,Pastor Henrique Vieira,PSOL,RJ,FALSE,1043,-0.7579,0,-0.6523,0
CD:220616,Luciano Vieira,PSDB,RJ,FALSE,836,0.1337,0,0.6058,0
CD:220617,Murillo Gouvea,PSDB,RJ,FALSE,990,0.012,0,0.4587,0
CD:220618,Sargento Portugal,PODE,RJ,FALSE,983,0.2904,0,0.2562,0
CD:220619,Delegado Ramagem,PL,RJ,FALSE,860,0.8065,0,-0.2856,0
CD:220620,Rosângela Reis,PL,MG,FALSE,1015,0.4562,0,0.062,0
CD:220621,Sargento Gonçalves,PL,RN,FALSE,1050,0.808,0,-0.4492,0
CD:220622,Nely Aquino,PODE,MG,FALSE,856,-0.0827,0,0.5323,0
CD:220623,Duda Salabert,PSOL,MG,FALSE,900,-0.6749,0,-0.7379,0
CD:220624,Robinson Faria,PP,RN,FALSE,1068,0.071,0,0.5111,0
CD:220625,Delegada Ione,PL,MG,FALSE,870,0.2189,0,0.1171,0
CD:220626,Rafael Simoes,UNIÃO,MG,FALSE,940,0.2896,0,0.156,0
CD:220627,Paulinho Freire,UNIÃO,RN,FALSE,433,0.2998,0,-0.0366,0
CD:220628,Mauricio do Vôlei,PL,MG,FALSE,967,0.705,0,-0.0888,0
CD:220629,Dandara,PT,MG,FALSE,743,-0.7556,0,0.2006,0
CD:220630,Pedro Aihara,PP,MG,FALSE,905,0.1514,0,-0.0456,0
CD:220631,Samuel Viana,UNIÃO,MG,FALSE,960,0.0998,0,0.662,0
CD:220632,Ana Pimentel,PT,MG,FALSE,989,-0.7922,0,0.1714,0
CD:220633,Ricardo Salles,NOVO,SP,FALSE,721,0.911,0,-0.4123,0
CD:220634,Marcelo Lima,PSB,SP,FALSE,203,-0.3631,0,-0.1594,0
CD:220635,Bruno Ganem,PODE,SP,FALSE,1035,-0.0139,0,-0.0084,0
CD:220637,Marina Silva,REDE,SP,FALSE,45,-0.8089,0,-0.5879,0
CD:220638,Antonio Carlos Rodrigues,PODE,SP,FALSE,1032,0.2429,0,0.1798,0
CD:220639,Guilherme Boulos,PSOL,SP,FALSE,706,-0.6962,0,-0.7179,0
CD:220640,Juliana Cardoso,PT,SP,FALSE,909,-0.7453,0,-0.0804,0
CD:220641,Rodrigo Gambale,PODE,SP,FALSE,1025,-0.0455,0,0.2604,0
CD:220642,Delegado Bruno Lima,PODE,SP,FALSE,638,0.0913,0,0.0052,0
CD:220643,Sônia Guajajara,PSOL,SP,FALSE,58,-0.7654,0,-0.6436,0
CD:220644,Rosangela Moro,PL,SP,FALSE,928,0.652,0,-0.7582,0
CD:220645,Erika Hilton,PSOL,SP,FALSE,801,-0.7147,0,-0.6994,0
CD:220646,Felipe Becari,PODE,SP,FALSE,715,-0.1363,0,-0.1247,0
CD:220647,Mauricio Neves,PP,SP,FALSE,648,0.1188,0,0.5224,0
CD:220648,Marangoni,PODE,SP,FALSE,798,0.0592,0,0.245,0
CD:220649,Delegado da Cunha,UNIÃO,SP,FALSE,781,0.2654,0,0.1833,0
CD:220650,Paulo Alexandre Barbosa,PSD,SP,FALSE,972,0.1488,0,-0.1472,0
CD:220651,Simone Marquetto,PP,SP,FALSE,748,0.2526,0,0.1137,0
CD:220652,Delegado Palumbo,PODE,SP,FALSE,1110,0.6741,0,-0.7387,0
CD:220653,Fábio Teruel,MDB,SP,FALSE,991,0.2562,0,-0.0631,0
CD:220654,Delegado Paulo Bilynskyj,PL,SP,FALSE,1095,0.797,0,-0.604,0
CD:220655,Mario Frias,PL,SP,FALSE,855,0.8268,0,-0.4882,0
CD:220656,Fernanda Pessoa,PSD,CE,FALSE,891,-0.0034,0,0.458,0
CD:220657,André Fernandes,PL,CE,FALSE,828,0.7711,0,-0.449,0
CD:220658,Luiz Gastão,PSD,CE,FALSE,836,0.0213,0,0.3137,0
CD:220659,Dayany Bittencourt,UNIÃO,CE,FALSE,910,0.452,0,-0.602,0
CD:220660,Yury Bruno,MDB,CE,FALSE,688,-0.0413,0,0.9991,0
CD:220661,Matheus Noronha,PL,CE,FALSE,816,0.4517,0,0.0882,0
CD:220662,Lucas Ramos,PSB,PE,FALSE,1030,-0.4611,0,0.0543,0
CD:220663,Eriberto Medeiros,PSB,PE,FALSE,936,-0.4056,0,0.0409,0
CD:220664,Guilherme Uchoa,PSD,PE,FALSE,965,-0.2559,0,0.1405,0
CD:220665,Clarissa Tércio,PP,PE,FALSE,909,0.7011,0,-0.2376,0
CD:220666,Coronel Meira,PL,PE,FALSE,1057,0.6977,0,-0.1447,0
CD:220667,Pedro Campos,PSB,PE,FALSE,959,-0.6039,0,-0.1502,0
CD:220668,Maria Arraes,PSB,PE,FALSE,951,-0.6063,0,0.1722,0
CD:220669,Lula da Fonte,PP,PE,FALSE,881,-0.036,0,0.5548,0
CD:220670,Iza Arruda,MDB,PE,FALSE,873,-0.189,0,0.4861,0
CD:220671,Dilvanda Faro,PT,PA,FALSE,1023,-0.7283,0,0.6193,0
CD:220672,Henderson Pinto,UNIÃO,PA,FALSE,887,0.061,0,0.3342,0
CD:220673,Delegado Caveira,PL,PA,FALSE,963,0.8009,0,-0.4297,0
CD:220674,Dra. Alessandra Haber,PODE,PA,FALSE,660,-0.01,0,0.2112,0
CD:220675,Antônio Doido,MDB,PA,FALSE,952,-0.0152,0,0.9233,0
CD:220676,Andreia Siqueira,PSB,PA,FALSE,820,-0.0905,0,0.4469,0
CD:220677,Keniston Braga,MDB,PA,FALSE,874,-0.0559,0,0.9984,0
CD:220681,Fábio Macedo,PODE,MA,FALSE,744,-0.1483,0,0.7355,0
CD:220682,Tadeu Veneri,PT,PR,FALSE,940,-0.7858,0,-0.0807,0
CD:220683,Beto Richa,PSDB,PR,FALSE,1056,0.072,0,0.2197,0
CD:220684,Tião Medeiros,PP,PR,FALSE,795,0.207,0,0.3552,0
CD:220685,Paulo Litro,UNIÃO,PR,FALSE,974,0.1575,0,0.2243,0
CD:220686,Duarte Jr.,AVANTE,MA,FALSE,1009,-0.3368,0,-0.7175,0
CD:220687,Márcio Honaiser,SOLIDARIEDADE,MA,FALSE,815,-0.175,0,0.2904,0
CD:220688,Dr. Francisco,PT,PI,FALSE,1024,-0.7217,0,0.5616,0
CD:220689,Detinha,PL,MA,FALSE,555,0.4323,0,0.0887,0
CD:220690,Capitão Alden,PL,BA,FALSE,1033,0.6996,0,-0.3759,0
CD:220691,Diego Coronel,REPUBLICANOS,BA,FALSE,980,-0.0716,0,0.6845,0
CD:220692,Dal Barreto,UNIÃO,BA,FALSE,843,0.0082,0,0.5265,0
CD:220693,Roberta Roma,PL,BA,FALSE,802,0.6564,0,-0.1141,0
CD:220694,Ricardo Maia,MDB,BA,FALSE,910,-0.1293,0,0.9114,0
CD:220695,Rogéria Santos,REPUBLICANOS,BA,FALSE,913,0.1264,0,0.992,0
CD:220696,Ivoneide Caetano,PT,BA,FALSE,1002,-0.7574,0,0.3227,0
CD:220697,Jadyel Alencar,REPUBLICANOS,PI,FALSE,791,-0.1121,0,0.7172,0
CD:220698,Beto Preto,PSD,PR,FALSE,150,0.1031,0,0.0868,0
CD:220699,Castro Neto,MDB,PI,FALSE,900,-0.1482,0,0.6617,0
CD:220700,Florentino Neto,PT,PI,FALSE,944,-0.7305,0,0.612,0
CD:220701,Delegado Matheus Laiola,UNIÃO,PR,FALSE,1070,-0.0461,0,0.0981,0
CD:220702,Geraldo Mendes,UNIÃO,PR,FALSE,709,0.1337,0,0.2847,0
CD:220703,Neto Carletto,AVANTE,BA,FALSE,957,-0.0641,0,0.8322,0
CD:220704,Carol Dartora,PT,PR,FALSE,729,-0.7662,0,0.1993,0
CD:220705,Deltan Dallagnol,PODE,PR,FALSE,59,0.6623,0,-0.2532,0
CD:220706,Padovani,PP,PR,FALSE,534,0.4405,0,0.1352,0
CD:220707,Amanda Gentil,PP,MA,FALSE,690,-0.0782,0,0.8073,0
CD:220708,Gabriel Nunes,PSD,BA,FALSE,1065,-0.208,0,0.5811,0
CD:220712,Fausto Jr.,UNIÃO,AM,FALSE,744,0.0198,0,0.6196,0
CD:220713,Saullo Vianna,MDB,AM,FALSE,545,-0.0193,0,0.4056,0
CD:220714,Adail Filho,MDB,AM,FALSE,1040,0.0016,0,0.9456,0
CD:220715,Amom Mandel,REPUBLICANOS,AM,FALSE,764,0.1295,0,-0.436,0
CD:221148,Alfredinho,PT,SP,FALSE,1070,-0.74,0,0.4988,0
CD:221328,Adilson Barroso,PL,SP,FALSE,941,0.6702,0,-0.0296,0
CD:221329,Ricardo Abrão,PSDB,RJ,FALSE,490,0.0674,0,0.5947,0
CD:221338,Professora Luciene Cavalcante,PSOL,SP,FALSE,993,-0.7108,0,-0.7034,0
CD:221339,Dr. Benjamim,UNIÃO,MA,FALSE,451,-0.0329,0,0.6365,0
CD:221378,Reginete Bispo,PT,RS,FALSE,460,-0.7367,0,-0.0474,0
CD:222142,Coronel Telhada,PP,SP,FALSE,373,0.755,0,-0.234,0
CD:222429,Luis Carlos Gomes,REPUBLICANOS,RJ,FALSE,904,0.0705,0,0.9867,0
CD:222565,Soldado Noelio,UNIÃO,CE,FALSE,40,0.6284,0,-0.7779,0
CD:223128,Rodrigo Estacho,PSD,PR,FALSE,870,0.3111,0,-0.0979,0
CD:223398,Ulisses Guimarães,MDB,MG,FALSE,78,0.2552,0,0.1771,0
CD:224117,Gabriel Mota,UNIÃO,RR,FALSE,1043,0.0955,0,0.9954,0
CD:224333,Welter,PT,PR,FALSE,923,-0.7391,0,0.2824,0
CD:225386,Renan Ferreirinha,PSD,RJ,FALSE,77,-0.2571,0,0.1978,0
CD:225727,Flavinha,MDB,MT,FALSE,102,0.3458,0,0.7449,0
CD:225730,Enfermeira Ana Paula,PODE,CE,FALSE,305,-0.2566,0,0.0134,0
CD:225846,Itamar Paim,PL,PR,FALSE,34,0.6327,0,0.1273,0
CD:226075,Priscila Costa,PL,CE,FALSE,102,0.8067,0,-0.2685,0
CD:226179,Gisela Simona,UNIÃO,MT,FALSE,931,0.2042,0,-0.1579,0
CD:226410,Márcio Correa,MDB,GO,FALSE,109,0.7732,0,-0.3198,0
CD:226553,Eliane Braz,PSD,CE,FALSE,87,-0.0337,0,0.4316,0
CD:226708,Allan Garcês,PP,MA,FALSE,733,0.4236,0,0.1108,0
CD:226837,Saulo Pedroso,PSD,SP,FALSE,695,-0.0254,0,-1e-04,0
CD:227275,Mariana Carvalho,REPUBLICANOS,MA,FALSE,87,0.3891,0,0.1202,0
CD:227310,Silvio Antonio,PL,MA,FALSE,205,0.645,0,-0.0555,0
CD:227323,Luciano Galego,PL,MA,FALSE,85,0.5932,0,-0.3094,0
CD:227324,Henrique Júnior,PL,MA,FALSE,91,0.034,0,0.3351,0
CD:227370,Felipe Saliba,PRD,MG,FALSE,93,0.4344,0,-0.1175,0
CD:227401,Dr Fabio Rueda,UNIÃO,AC,FALSE,83,0.2997,0,0.1206,0
CD:227433,Douglas Viegas,UNIÃO,SP,FALSE,645,0.0826,0,-0.1659,0
CD:227660,Nitinho,PSD,SE,FALSE,335,0.0034,0,0.4531,0
CD:227800,Duarte Gonçalves Jr,REPUBLICANOS,MG,FALSE,71,0.1894,0,0.3223,0
CD:227991,Dr Flávio,PL,RJ,FALSE,199,0.602,0,0.0627,0
CD:228042,Naumi Amorim,PSD,CE,FALSE,26,-0.027,0,0.4634,0
CD:228272,Délio Pinheiro,PDT,MG,FALSE,57,-0.1693,0,-0.3646,0
CD:228616,Dr. Remy Soares,PP,MA,FALSE,64,-0.0248,0,0.6669,0
CD:228797,Júlio Oliveira,PP,TO,FALSE,83,-0.0974,0,0.8943,0
CD:228837,Juliana Kolankiewicz,MDB,MT,FALSE,71,0.3561,0,0.0756,0
CD:228941,Daniel José,PODE,SP,FALSE,66,0.9805,0,0.0107,0
CD:229069,Capitão Samuel,PP,SE,FALSE,48,0.3132,0,0.3626,0
CD:229082,Lucyana Genésio,PDT,MA,FALSE,57,-0.5185,0,0.0822,0
CD:229106,Carla Ayres,PT,SC,FALSE,73,-0.8127,0,-0.0751,0
CD:229112,Pedro Jr,PL,TO,FALSE,74,0.7188,0,0.0903,0
CD:229225,Michele Collins,PP,PE,FALSE,72,0.4452,0,0.0839,0
CD:229259,Pedro Tourinho,PT,SP,FALSE,81,-0.7371,0,0.538,0
CD:229333,Gláucia Santiago,PL,MG,FALSE,88,0.7296,0,-0.0488,0
CD:229432,Luiz Fernando Vampiro,MDB,SC,FALSE,413,0.6235,0,-0.1626,0
CD:229585,Elisangela Araujo,PT,BA,FALSE,100,-0.5899,0,0.8075,0
CD:229939,Newton Bonin,UNIÃO,PR,FALSE,127,-0.0145,0,0.2812,0
CD:230088,Dra. Mayra Pinheiro,PL,CE,FALSE,83,0.6735,0,-0.4669,0
CD:230177,Tadeu Oliveira,PL,CE,FALSE,83,0.3637,0,0.3126,0
CD:230762,Pastor Claudio Mariano,UNIÃO,PA,FALSE,277,0.1406,0,0.4758,0
CD:230764,Ivan Júnior,UNIÃO,MA,FALSE,25,-0.434,0,0.7685,0
CD:230765,Enfermeira Rejane,PCdoB,RJ,FALSE,477,-0.7271,0,-0.2116,0
CD:230767,Rodrigo da Zaeli,PL,MT,FALSE,493,0.6745,0,-0.0091,0
CD:230768,Zé Adriano,PP,AC,FALSE,501,0.0109,0,0.4986,0
CD:230957,João Cury,MDB,SP,FALSE,377,-0.0782,0,0.445,0
CD:231911,Lenir de Assis,PT,PR,FALSE,415,-0.8933,0,0.0416,0
CD:233218,Nelinho Freitas,MDB,CE,FALSE,101,-0.0711,0,0.9975,0
CD:233592,Paulo Lemos,PT,AP,FALSE,197,-0.7179,0,-0.6962,0
CD:233594,Rafael Fera,PODE,RO,FALSE,272,0.2819,0,0.0212,0
CD:233598,Samuel Santos,PODE,GO,FALSE,172,-0.0766,0,0.9014,0
CD:234253,Lucas Abrahao,REDE,AP,FALSE,87,-0.5784,0,-0.2184,0
CD:234310,Ricardo Galvão,REDE,SP,FALSE,142,-0.4702,0,0.8826,0
CD:234388,Fabiano Cazeca,PRD,MG,FALSE,66,0.1146,0,-0.2694,0
CD:234673,Vanderlan Alves,SOLIDARIEDADE,CE,FALSE,134,-0.088,0,0.8134,0
CD:234788,Heloísa Helena,REDE,RJ,FALSE,93,-0.8688,0,-0.4952,0
CD:234840,Cristiano Furlan,REDE,AP,FALSE,22,-0.5114,0,-0.8545,0
CD:235088,Ribeiro Neto,SOLIDARIEDADE,MA,FALSE,90,-0.0774,0,-0.1324,0
CD:235620,Ilacir Bicalho,REPUBLICANOS,MG,FALSE,53,0.0928,0,0.7641,0
CD:235712,Vavá,AVANTE,MG,FALSE,53,-0.0109,0,0.7791,0
CD:235776,Sérgio Turra,PP,RS,FALSE,56,0.665,0,-0.7468,0
CD:235800,Jorge Araújo,PP,BA,FALSE,42,0.0164,0,0.5558,0
CD:235869,João Carlos,REPUBLICANOS,AM,FALSE,48,0.1857,0,0.974,0
CD:236284,Glaycon Franco,PSDB,MG,FALSE,33,0.0895,0,0.5895,0
CD:236375,Marcos Braz,PSDB,RJ,FALSE,18,,,,
CD:236423,Valdir Trindade,REPUBLICANOS,PB,FALSE,15,,,,
CD:236518,Santin Roveda,UNIÃO,PR,FALSE,6,,,,
CD:62881,Danilo Forte,PP,CE,FALSE,1725,0.0837,0,-0.0511,0
CD:66179,Norma Ayub,PP,ES,FALSE,1750,0.1338,0,0.2375,0
CD:66385,Julio Arcoverde,PP,PI,FALSE,757,0.0271,0,0.6984,0
CD:66828,Fausto Pinato,UNIÃO,SP,FALSE,2414,0.1492,0,0.8259,0
CD:67138,Iracema Portella,PP,PI,FALSE,907,0.3651,0,0.818,0
CD:68720,Fábio Henrique,UNIÃO,SE,FALSE,1916,-0.2419,0,-0.0879,0
CD:69871,Bacelar,PV,BA,FALSE,2699,-0.6876,0,0.0135,0
CD:72442,Felipe Carreras,PSB,PE,FALSE,2477,-0.2492,0,0.1021,0
CD:73433,Arlindo Chinaglia,PT,SP,FALSE,2642,-0.8055,0,0.1652,0
CD:73441,Celso Russomanno,REPUBLICANOS,SP,FALSE,2294,0.1857,0,0.7588,0
CD:73460,Gustavo Fruet,PDT,PR,FALSE,1513,-0.3293,0,-0.6415,0
CD:73463,Osmar Serraglio,PP,PR,FALSE,645,0.4379,0,0.8556,0
CD:73466,Rubens Bueno,CIDADANIA,PR,FALSE,1870,-0.0719,0,-0.2492,0
CD:73482,Henrique Fontana,PT,RS,FALSE,1670,-0.8141,0,0.065,0
CD:73486,Pompeo de Mattos,PDT,RS,FALSE,2570,-0.387,0,-0.3296,0
CD:73531,Ivan Valente,PSOL,SP,FALSE,2654,-0.8051,0,-0.5932,0
CD:73579,Alberto Fraga,PL,DF,FALSE,1041,0.6437,0,0.0633,0
CD:73586,Júlio Delgado,PV,MG,FALSE,1656,-0.5142,0,-0.5674,0
CD:73604,Rui Falcão,PT,SP,FALSE,2603,-0.791,0,0.1256,0
CD:73692,Osmar Terra,PL,RS,FALSE,2133,0.6396,0,0.0264,0
CD:73696,Angela Amin,PP,SC,FALSE,1799,0.1815,0,0.026,0
CD:73701,Benedita da Silva,PT,RJ,FALSE,2298,-0.7803,0,0.187,0
CD:73768,Dilceu Sperafico,PP,PR,FALSE,1002,0.2338,0,0.2609,0
CD:73772,Hermes Parcianello,MDB,PR,FALSE,1344,0.0733,0,0.3152,0
CD:73778,Luiz Carlos Hauly,PODE,PR,FALSE,795,0.0572,0,0.0661,0
CD:73788,Ricardo Barros,PP,PR,FALSE,1805,0.2614,0,0.9652,0
CD:73801,Renildo Calheiros,PCdoB,PE,FALSE,2610,-0.7155,0,0.0833,0
CD:73806,Roseana Sarney,MDB,MA,FALSE,273,-0.2443,0,0.8366,0
CD:73808,Sérgio Brito,PSD,BA,FALSE,1259,0.1414,0,0.9899,0
CD:73891,Darcísio Perondi,MDB,RS,FALSE,232,0.568,0,0.2974,0
CD:73943,Perpétua Almeida,PCdoB,AC,FALSE,1702,-0.6711,0,0.129,0
CD:74041,Luiz Couto,PT,PB,FALSE,1075,-0.7739,0,0.2267,0
CD:74043,Wellington Roberto,PSD,PB,FALSE,1372,0.5238,0,0.2475,0
CD:74044,Wilson Santiago,REPUBLICANOS,PB,FALSE,2122,0.14,0,0.9736,0
CD:74052,Bosco Costa,PL,SE,FALSE,1760,0.3138,0,0.8397,0
CD:74057,Alice Portugal,PCdoB,BA,FALSE,2889,-0.7215,0,0.1091,0
CD:74060,Daniel Almeida,PCdoB,BA,FALSE,2533,-0.7115,0,0.0581,0
CD:74065,Fatima Pelaes,REPUBLICANOS,AP,FALSE,152,0.0161,0,0.937,0
CD:74075,Elcione Barbalho,MDB,PA,FALSE,1836,-0.0382,0,0.3278,0
CD:74079,José Priante,MDB,PA,FALSE,1394,0.0568,0,0.9622,0
CD:74084,Raimundo Santos,PSD,PA,FALSE,1065,0.2941,0,0.0912,0
CD:74090,Átila Lins,PSD,AM,FALSE,2173,0.1006,0,0.8874,0
CD:74095,Pauderney Avelino,UNIÃO,AM,FALSE,523,0.0253,0,0.2011,0
CD:74140,José Carlos Araújo,DC,BA,FALSE,12,,,,
CD:74141,Josias Gomes,PT,BA,FALSE,1135,-0.7151,0,0.1595,0
CD:74156,Leonardo Monteiro,PT,MG,FALSE,2522,-0.7706,0,0.0888,0
CD:74158,Mário Heringer,PDT,MG,FALSE,2194,-0.4352,0,-0.2439,0
CD:74159,Odair Cunha,PT,MG,FALSE,2522,-0.7547,0,0.2225,0
CD:74160,Patrus Ananias,PT,MG,FALSE,2513,-0.8016,0,0.1317,0
CD:74161,Reginaldo Lopes,PT,MG,FALSE,2046,-0.7695,0,0.1398,0
CD:74165,Neucimar Fraga,PP,ES,FALSE,854,0.3537,0,0.1487,0
CD:74171,Chico Alencar,PSOL,RJ,FALSE,1092,-0.6819,0,-0.7314,0
CD:74200,Gastão Vieira,PROS,MA,FALSE,1143,0.051,0,0.0729,0
CD:74212,Aníbal Gomes,DEM,CE,FALSE,596,0.2765,0,0.961,0
CD:74253,Julio Lopes,PP,RJ,FALSE,1143,0.0764,0,0.9523,0
CD:74254,Leonardo Picciani,MDB,RJ,FALSE,357,0.0715,0,0.9974,0
CD:74262,Carlos Sampaio,PSD,SP,FALSE,2658,0.2364,0,-0.4312,0
CD:74270,Gilberto Nascimento,PODE,SP,FALSE,1125,0.2422,0,0.2659,0
CD:74273,Jefferson Campos,PL,SP,FALSE,2596,0.503,0,-0.3207,0
CD:74283,Vicentinho,PT,SP,FALSE,2627,-0.7913,0,0.1404,0
CD:74295,Inácio Arruda,PCdoB,CE,FALSE,52,-0.6993,0,0.7148,0
CD:74299,Leônidas Cristino,PDT,CE,FALSE,2474,-0.5035,0,-0.2718,0
CD:74305,Roberto Pessoa,PSDB,CE,FALSE,309,0.2685,0,0.0171,0
CD:74317,Júlio Cesar,PSD,PI,FALSE,2231,0.1158,0,0.9192,0
CD:74319,Paes Landim,UNIÃO,PI,FALSE,303,0.3617,0,0.7588,0
CD:74352,Nilson Pinto,PSDB,PA,FALSE,1381,0.1718,0,0.0389,0
CD:74356,Silas Câmara,REPUBLICANOS,AM,FALSE,1933,0.1892,0,0.9819,0
CD:74366,João Campos,REPUBLICANOS,GO,FALSE,1435,0.3794,0,0.641,0
CD:74371,Rubens Otoni,PT,GO,FALSE,2113,-0.7856,0,0.1789,0
CD:74374,Geraldo Resende,UNIÃO,MS,FALSE,988,-0.1044,0,0.0065,0
CD:74376,Vander Loubet,PT,MS,FALSE,2602,-0.7641,0,0.1383,0
CD:74383,Giacobo,PL,PR,FALSE,1739,0.5419,0,0.218,0
CD:74398,Maria do Rosário,PT,RS,FALSE,2185,-0.7746,0,0.1116,0
CD:74399,Onyx Lorenzoni,PL,RS,FALSE,253,0.5333,0,0.253,0
CD:74400,Paulo Pimenta,PT,RS,FALSE,2042,-0.8101,0,0.1145,0
CD:74419,Gonzaga Patriota,PSB,PE,FALSE,1432,-0.5857,0,-0.2645,0
CD:74428,Mendonça Filho,PL,PE,FALSE,901,0.3995,0,-0.2707,0
CD:74439,Wolney Queiroz,PDT,PE,FALSE,1369,-0.5172,0,-0.1708,0
CD:74454,Eunício Oliveira,MDB,CE,FALSE,588,-0.0165,0,0.3301,0
CD:74459,Átila Lira,PP,PI,FALSE,1724,0.3341,0,0.7744,0
CD:74467,Damião Feliciano,UNIÃO,PB,FALSE,2171,-0.2875,0,-0.2619,0
CD:74471,André de Paula,PSD,PE,FALSE,1390,0.1106,0,0.3516,0
CD:74478,Luciano Bivar,MDB,PE,FALSE,833,0.0041,0,1,0
CD:74537,Claudio Cajado,PP,BA,FALSE,2499,0.1968,0,0.9448,0
CD:74550,João Leão,PP,BA,FALSE,754,0.0211,0,0.54,0
CD:74554,José Rocha,UNIÃO,BA,FALSE,2054,0.1617,0,0.7323,0
CD:74571,Nelson Pellegrino,PT,BA,FALSE,201,-0.6596,0,0.2602,0
CD:74574,Paulo Magalhães,PSD,BA,FALSE,2413,0.0812,0,0.7077,0
CD:74585,Lincoln Portela,PL,MG,FALSE,2545,0.5793,0,0.1152,0
CD:74646,Aécio Neves,PSDB,MG,FALSE,1578,0.1425,0,0.2442,0
CD:74655,Eduardo Barbosa,PSDB,MG,FALSE,1770,0.0818,0,-0.0137,0
CD:74693,Rodrigo Maia,PSDB,RJ,FALSE,491,-0.1083,0,-0.4774,0
CD:74696,Alberto Mourão,MDB,SP,FALSE,303,-0.0045,0,0.1607,0
CD:74749,Mauro Lopes,PP,MG,FALSE,1374,0.1682,0,0.3528,0
CD:74784,Luiza Erundina,PSOL,SP,FALSE,2431,-0.8244,0,-0.566,0
CD:74806,Tadeu Filippelli,MDB,DF,FALSE,199,0.2701,0,0.5198,0
CD:74848,Jandira Feghali,PCdoB,RJ,FALSE,2826,-0.7183,0,0.0943,0
CD:74856,Laura Carneiro,PSD,RJ,FALSE,954,-0.2616,0,0.2839,0
CD:74858,Lindbergh Farias,PT,RJ,FALSE,994,-0.8186,0,0.0852,0
CD:75431,Maurício Dziedricki,PODE,RS,FALSE,1768,0.3584,0,0.1651,0
CD:76874,Marcelo Freixo,PSB,RJ,FALSE,1706,-0.7968,0,-0.4482,0
CD:77003,Sergio Santos Rodrigues,PODE,MG,FALSE,91,-0.001,0,0.5249,0
CD:80815,Leo Prates,REPUBLICANOS,BA,FALSE,938,-0.3366,0,0.0991,0
CD:81055,Márcio Jerry,PCdoB,MA,FALSE,1909,-0.7198,0,0.0412,0
CD:81297,Dra. Soraya Manato,PTB,ES,FALSE,1934,0.5942,0,0.0141,0
CD:88256,Clodoaldo Magalhães,PV,PE,FALSE,921,-0.7862,0,-0.0066,0
CD:89536,Prof. Paulo Fernando,REPUBLICANOS,DF,FALSE,249,0.4205,0,0.3047,0
CD:90201,Pedro Augusto Bezerra,PDT,CE,FALSE,1619,-0.0541,0,0.2833,0
CD:90842,Santini,PTB,RS,FALSE,718,0.2791,0,0.1811,0
CD:91228,Waldemar Oliveira,AVANTE,PE,FALSE,1071,-0.0846,0,0.7908,0
CD:92102,Leur Lomanto Júnior,UNIÃO,BA,FALSE,2131,0.1829,0,0.5694,0
CD:92172,Milton Coelho,PSB,PE,FALSE,733,-0.7362,0,0.044,0
CD:92346,Eduardo Bolsonaro,PL,SP,FALSE,2056,0.7469,0,-0.0518,0
CD:92699,Fernando Monteiro,PSD,PE,FALSE,2450,0.1092,0,0.994,0
CD:92776,Stefano Aguiar,PSD,MG,FALSE,2072,0.201,0,0.382,0
CD:93083,Cacá Leão,PP,BA,FALSE,1577,0.3338,0,0.9426,0
CD:98057,Lafayette de Andrada,PL,MG,FALSE,1967,0.2276,0,0.7177,0
CD:98148,Cobalchini,MDB,SC,FALSE,927,0.3726,0,-0.0237,0
CD:98615,Ismael,PL,SC,FALSE,890,0.3452,0,-0.0155,0
LID:AVANTE,AVANTE,,,TRUE,1443,0.3632,0,0.9082,0
LID:BL AVANSOLIDPRD...,BL AVANSOLIDPRD...,,,TRUE,119,-0.1348,0,0.0628,0
LID:BL MDBPSDREPPODE,BL MDBPSDREPPODE,,,TRUE,375,-0.0939,0,0.8765,0
LID:BL MDBPSDREPPODEPSC,BL MDBPSDREPPODEPSC,,,TRUE,78,-0.0959,0,0.9525,0
LID:BL PLFDRPTUNIPP...,BL PLFDRPTUNIPP...,,,TRUE,19,,,,
LID:BL PLUNIPPPSD...,BL PLUNIPPPSD...,,,TRUE,19,,,,
LID:BL UNIPPFDRPSDBCID...,BL UNIPPFDRPSDBCID...,,,TRUE,497,-0.0589,0,0.6777,0
LID:BL UNIPPPSD...,BL UNIPPPSD...,,,TRUE,180,0.015,0,0.5636,0
LID:BLOCO PARLAMENTAR,BLOCO PARLAMENTAR,,,TRUE,1,,,,
LID:CIDADANIA,CIDADANIA,,,TRUE,1488,0.0471,0,-0.268,0
LID:DEM,DEM,,,TRUE,1364,0.3022,0,0.5606,0
LID:FDR PSDB-CIDADANIA,FDR PSDB-CIDADANIA,,,TRUE,11,,,,
LID:FDR PSOL-REDE,FDR PSOL-REDE,,,TRUE,955,-0.7107,0,-0.7035,0
LID:FDR PT-PCDOB-PV,FDR PT-PCDOB-PV,,,TRUE,875,-0.767,0,0.3092,0
LID:GOVERNO 2019-22,GOVERNO 2019-22,,,TRUE,1595,0.6879,0,0.1695,0
LID:GOVERNO 2023-26,GOVERNO 2023-26,,,TRUE,875,-0.6602,0,0.7232,0
LID:MAIORIA 2019-22,MAIORIA 2019-22,,,TRUE,1307,0.4311,0,0.9023,0
LID:MAIORIA 2023-26,MAIORIA 2023-26,,,TRUE,773,-0.6698,0,0.568,0
LID:MDB,MDB,,,TRUE,1471,0.1942,0,0.3302,0
LID:MINORIA 2019-22,MINORIA 2019-22,,,TRUE,1245,-0.7447,0,-0.179,0
LID:MINORIA 2023-26,MINORIA 2023-26,,,TRUE,945,0.7738,0,-0.3929,0
LID:MISSÃO,MISSÃO,,,TRUE,63,0.9922,0,-0.1243,0
LID:NOVO,NOVO,,,TRUE,3006,0.6375,0,-0.7704,0
LID:NOVOCIDPV,NOVOCIDPV,,,TRUE,12,,,,
LID:OPOSIÇÃO 2019-22,OPOSIÇÃO 2019-22,,,TRUE,954,-0.7305,0,-0.1604,0
LID:OPOSIÇÃO 2023-26,OPOSIÇÃO 2023-26,,,TRUE,917,0.7845,0,-0.4118,0
LID:PATRIOTA,PATRIOTA,,,TRUE,1281,0.4692,0,0.7517,0
LID:PCDOB,PCDOB,,,TRUE,1782,-0.6689,0,0.1003,0
LID:PDT,PDT,,,TRUE,1971,-0.4962,0,-0.1866,0
LID:PDTAVANTE,PDTAVANTE,,,TRUE,1,,,,
LID:PDTPODEPROS...,PDTPODEPROS...,,,TRUE,8,,,,
LID:PDTSDPODE...,PDTSDPODE...,,,TRUE,18,,,,
LID:PHS,PHS,,,TRUE,13,,,,
LID:PL,PL,,,TRUE,2627,0.581,0,0.2847,0
LID:PMN,PMN,,,TRUE,52,-0.1451,0,-0.4842,0
LID:PODEMOS,PODEMOS,,,TRUE,1556,0.1826,0,-0.1696,0
LID:PP,PP,,,TRUE,1602,0.4004,0,0.9163,0
LID:PPL,PPL,,,TRUE,5,,,,
LID:PPMDBPTB,PPMDBPTB,,,TRUE,285,0.36,0,0.933,0
LID:PPPRPSD,PPPRPSD,,,TRUE,1,,,,
LID:PPS,PPS,,,TRUE,44,0.5281,0,-0.5393,0
LID:PR,PR,,,TRUE,22,,,,
LID:PRB,PRB,,,TRUE,151,0.4955,0,0.8686,0
LID:PROS,PROS,,,TRUE,1505,0.4152,0,0.6369,0
LID:PRP,PRP,,,TRUE,5,,,,
LID:PSB,PSB,,,TRUE,2161,-0.6187,0,-0.2775,0
LID:PSC,PSC,,,TRUE,1402,0.4603,0,0.479,0
LID:PSCPTB,PSCPTB,,,TRUE,45,0.4643,0,0.6624,0
LID:PSD,PSD,,,TRUE,1854,0.3285,0,0.7908,0
LID:PSDB,PSDB,,,TRUE,1758,0.1823,0,-0.0131,0
LID:PSL,PSL,,,TRUE,1437,0.5539,0,-0.0761,0
LID:PSLPPPSD...,PSLPPPSD...,,,TRUE,37,0.986,0,0.1554,0
LID:PSOL,PSOL,,,TRUE,1881,-0.8217,0,-0.57,0
LID:PT,PT,,,TRUE,1943,-0.7653,0,0.1449,0
LID:PTB,PTB,,,TRUE,1310,0.4546,0,0.6442,0
LID:PV,PV,,,TRUE,1053,-0.1924,0,-0.1825,0
LID:REDE,REDE,,,TRUE,1302,-0.6169,0,-0.5491,0
LID:REPUBLICANOS,REPUBLICANOS,,,TRUE,1713,0.3578,0,0.9338,0
LID:SOLIDARIEDADE,SOLIDARIEDADE,,,TRUE,1613,0.2436,0,0.6176,0
LID:UNIÃO,UNIÃO,,,TRUE,458,0.2895,0,0.6201,0
SF:4639,Beto Faro,PT,PA,FALSE,1666,-0.811,0,0.1908,0
SF:4642,Efraim Filho,UNIÃO,PB,FALSE,744,0.322,0,0.5972,0
SF:4811,Laercio Oliveira,PP,SE,FALSE,1421,0.2994,0,0.605,0
SF:5386,Professora Dorinha Seabra Rezende,UNIÃO,TO,FALSE,1369,0.0529,0,0.3515,0
SF:5531,Elmano Férrer,PP,PI,FALSE,79,0.0924,0,0.7613,0
SF:5672,Alan Rick,UNIÃO,AC,FALSE,1661,0.247,0,0.1734,0
SF:5736,Tereza Cristina,PP,MS,FALSE,341,0.5115,0,0.4954,0
SF:5740,Fabio Garcia,UNIÃO,MT,FALSE,131,0.4908,0,-0.0703,0
SF:5793,Hiran Gonçalves,PP,RR,FALSE,1423,0.3583,0,0.9336,0
SF:5902,Eduardo Velloso,SOLIDARIEDADE,AC,FALSE,854,0.4172,0,0.1038,0
