cenario,casa,medida,governo,limiar,2023-26,2027,lo,hi
neutro,Câmara,veto_dir,,,0.0276385964912281,0.0109318835544759,-0.0073075,0.0278036626181202
neutro,Câmara,mediana,,,0.1217,0.111375164705619,0.0999725,0.124
neutro,Câmara,veto_esq,,,0.181020467836257,0.179014193077032,0.168893164857407,0.190205
neutro,Câmara,custo,Lula,maioria,90.4625617933723,88.5240104750413,85.7393295410706,91.1572996277602
neutro,Câmara,custo,Lula,3/5,131.88401208577,129.645025151922,126.519976377092,132.740213113112
neutro,Câmara,custo,Lula,2/3,161.240897465887,158.946950508271,155.848879118578,162.241433791011
neutro,Câmara,custo,Direita,maioria,73.9537655945419,67.729061432934,64.7591899611541,70.8018366131028
neutro,Câmara,custo,Direita,3/5,104.89520877193,99.3703843358846,96.1956560704787,102.447576977108
neutro,Câmara,custo,Direita,2/3,128.506255653021,123.534038443139,119.970421834803,127.263336663124
neutro,Senado,veto_dir,,,0.0352271604938272,0.131587700000001,0.084,0.1926025
neutro,Senado,mediana,,,0.0844,0.256016499999999,0.241,0.281
neutro,Senado,veto_esq,,,0.138193827160494,0.413282999999996,0.3777,0.4801025
neutro,Senado,custo,Lula,maioria,18.8803827160494,20.842387,19.20525,22.2074575
neutro,Senado,custo,Lula,3/5,25.4773604938272,29.0612792,27.3470175,30.6677725
neutro,Senado,custo,Lula,2/3,30.0135666666667,35.0328606,33.3759825,36.57114
neutro,Senado,custo,Direita,maioria,14.4793691358025,5.4362104,4.6832575,6.243835
neutro,Senado,custo,Direita,3/5,19.6396654320988,9.5145774,8.527425,10.4287075
neutro,Senado,custo,Direita,2/3,23.2523851851852,12.6136114,11.4748725,13.7409625
esquerda,Câmara,veto_dir,,,0.0276385964912281,0.0151652447569224,0.0019975,0.035
esquerda,Câmara,mediana,,,0.1217,0.116756315206432,0.104,0.129
esquerda,Câmara,veto_esq,,,0.181020467836257,0.183969082265518,0.1724925,0.196
esquerda,Câmara,custo,Lula,maioria,90.4625617933723,88.9204575216734,86.1036470473433,91.4842659395569
esquerda,Câmara,custo,Lula,3/5,131.88401208577,130.32416980739,127.390649592321,133.198834303838
esquerda,Câmara,custo,Lula,2/3,161.240897465887,160.160964811301,156.801422570394,163.411156573455
esquerda,Câmara,custo,Direita,maioria,73.9537655945419,65.8297784796568,63.1115643822872,68.4724853063671
esquerda,Câmara,custo,Direita,3/5,104.89520877193,97.4077186771659,93.87591086699,100.635104323925
esquerda,Câmara,custo,Direita,2/3,128.506255653021,121.682734482552,117.908301669498,125.358712283538
esquerda,Senado,veto_dir,,,0.0352271604938272,0.133574300000001,0.084,0.212
esquerda,Senado,mediana,,,0.0844,0.256891499999999,0.241,0.281
esquerda,Senado,veto_esq,,,0.138193827160494,0.412273499999996,0.3798675,0.4748075
esquerda,Senado,custo,Lula,maioria,18.8803827160494,20.796025,19.2955125,22.1657575
esquerda,Senado,custo,Lula,3/5,25.4773604938272,29.0931704,27.443775,30.733915
esquerda,Senado,custo,Lula,2/3,30.0135666666667,35.0642262,33.25946,36.6182825
esquerda,Senado,custo,Direita,maioria,14.4793691358025,5.4397454,4.596325,6.29831
esquerda,Senado,custo,Direita,3/5,19.6396654320988,9.46835,8.426735,10.4062775
esquerda,Senado,custo,Direita,2/3,23.2523851851852,12.596133,11.48301,13.721905
direita,Câmara,veto_dir,,,0.0276385964912281,0.0476272700084312,0.02,0.07
direita,Câmara,mediana,,,0.1217,0.132381855310316,0.1199875,0.141
direita,Câmara,veto_esq,,,0.181020467836257,0.195499367446929,0.181,0.207
direita,Câmara,custo,Lula,maioria,90.4625617933723,91.9509272242678,89.4666757313228,94.5398688499477
direita,Câmara,custo,Lula,3/5,131.88401208577,133.929456025864,131.250686093157,136.7122141382
direita,Câmara,custo,Lula,2/3,161.240897465887,163.953619949942,161.128068693982,167.012091771882
direita,Câmara,custo,Direita,maioria,73.9537655945419,74.4764532231402,71.2722031606447,77.8505014049212
direita,Câmara,custo,Direita,3/5,104.89520877193,104.803109460158,101.065589684117,108.381988781468
direita,Câmara,custo,Direita,2/3,128.506255653021,128.180080306265,124.122640286716,132.054855238703
direita,Senado,veto_dir,,,0.0352271604938272,0.135976600000001,0.084,0.212
direita,Senado,mediana,,,0.0844,0.256344099999999,0.241,0.281
direita,Senado,veto_esq,,,0.138193827160494,0.410925999999996,0.37185,0.4644225
direita,Senado,custo,Lula,maioria,18.8803827160494,20.8329002,19.27479,22.17886
direita,Senado,custo,Lula,3/5,25.4773604938272,29.1780902,27.6222125,30.6741525
direita,Senado,custo,Lula,2/3,30.0135666666667,35.0149366,33.40954,36.6851425
direita,Senado,custo,Direita,maioria,14.4793691358025,5.4428892,4.54731,6.2920725
direita,Senado,custo,Direita,3/5,19.6396654320988,9.4548492,8.4105625,10.3418225
direita,Senado,custo,Direita,2/3,23.2523851851852,12.5876218,11.4779275,13.71466
