casa,governo,limiar,k,alcance_2023_26,alcance_2027,custo_2023_26,custo_2027,lo,hi,variacao
Câmara,Lula,maioria,257,0.7819,0.767748930852018,90.4625617933723,87.4502603998712,84.243327196865,90.7886092669875,-0.0332988734099923
Câmara,Lula,3/5,308,0.841220467836257,0.838274840062987,131.88401208577,128.292689656594,124.578120016833,132.211985593788,-0.0272309158053222
Câmara,Lula,2/3,342,0.890646588693957,0.899833400695679,161.240897465887,157.861494108412,154.058681833008,161.863502824351,-0.0209587233176376
Câmara,Direita,maioria,257,0.5662,0.58029122232482,73.9537655945419,70.6797467842475,67.2861352368188,73.911459746303,-0.0442711575803252
Câmara,Direita,3/5,308,0.660261403508772,0.691325180221648,104.89520877193,102.898051861984,99.0279465892496,106.850898936509,-0.019039543686764
Câmara,Direita,2/3,342,0.733902339181286,0.773025950414506,128.506255653021,127.718840464274,123.355632949261,131.521934362014,-0.00612744636240825
Senado,Lula,maioria,41,0.7856,0.954288095391438,18.8803827160494,20.9939320889592,19.7209679964053,22.3250172453748,0.111944201804406
Senado,Lula,3/5,49,0.839393827160494,1.10268683988799,25.4773604938272,29.190146449072,27.7674660471247,30.7404457614302,0.145728830745415
Senado,Lula,2/3,54,0.926201234567901,1.21361561057368,30.0135666666667,35.1204574238321,33.5376684554018,36.6998911330773,0.17015274505303
Senado,Direita,maioria,41,0.6203,0.451237130504238,14.4793691358025,5.74151809632659,4.82087384331522,6.73600253087377,-0.603469043265856
Senado,Direita,3/5,49,0.669472839506173,0.577592228717176,19.6396654320988,9.76807251206795,8.71514683992268,10.8899456453241,-0.502635493163587
Senado,Direita,2/3,54,0.760512345679012,0.660107270682479,23.2523851851852,12.9223739058957,11.7278101891152,14.140118856109,-0.444255984795533
