r,g,lo,hi,x57
0.005,0.981082282914118,0.836391098001417,1.14334896234219,-0.831465
0.015,0.979458854749832,0.837913239048511,1.13805000494065,-0.820206
0.025,0.974897831267518,0.841749499404022,1.12429065572041,-0.80923
0.035,0.968126938469496,0.846834333284671,1.10052427260088,-0.8049295
0.045,0.96021792278217,0.853798898779743,1.07383835318281,-0.7968755
0.055,0.952473985248845,0.860738730153228,1.04580281520595,-0.791006
0.065,0.946141539930055,0.868831907859103,1.02154256283885,-0.786683
0.075,0.94234027746876,0.874794829397409,1.00912655901949,-0.7853725
0.085,0.94185203084829,0.884379266227984,1.00330279686751,-0.7790145
0.095,0.945048058281062,0.890618881580319,1.00438036080299,-0.7727285
0.105,0.951978690292771,0.898094623435888,1.01194592031384,-0.7648215
0.115,0.962303327167496,0.90230299855186,1.02158054528554,-0.7576325
0.125,0.975341869566836,0.913459344401255,1.03510690904898,-0.7528125
0.135,0.990289117910834,0.925220829391061,1.05433340385585,-0.7462405
0.145,1.00624950038232,0.93799462328315,1.07343076133184,-0.722402
0.155,1.02236228752719,0.947651274736905,1.09528677264757,-0.717942
0.165,1.03796682726753,0.956495007588453,1.11549976901806,-0.711548
0.175,1.05262928921795,0.966938154846309,1.13508756142189,-0.6821775
0.185,1.06626633790928,0.977439195520641,1.15225501682857,-0.622171
0.195,1.07905874938544,0.988687274670332,1.16962250296591,-0.5581895
0.205,1.09138906879054,0.998360983193328,1.18449479981231,-0.456615
0.215,1.1037373464311,1.01201070323925,1.19880412685189,-0.4150775
0.225,1.11648923571917,1.02693362238371,1.21087159816814,-0.3862375
0.235,1.12982860938942,1.03887715271934,1.22814219260423,-0.3560865
0.245,1.14361120322785,1.05064892586752,1.24407504663966,-0.327858
0.255,1.15735696866135,1.06199425186274,1.26080349774641,-0.2701435
0.265,1.1702808225959,1.07000890809223,1.27605969589305,-0.247784
0.275,1.18136878800366,1.0789923561283,1.2908900074923,-0.196635
0.285,1.18957653018863,1.08602179103562,1.29873759346007,-0.1477515
0.295,1.19387727064187,1.09064979133633,1.30465562825102,-0.1126915
0.305,1.19337650330331,1.09025472458931,1.30171577873628,-0.093067
0.315,1.18761617689415,1.08639736132726,1.29234305415034,-0.077195
0.325,1.17641059442716,1.07631654949512,1.27814590382432,-0.0636575
0.335,1.15987152436836,1.05945993843366,1.25818670949912,-0.045791
0.345,1.13872538819714,1.04014111511623,1.23778066382879,-0.0307044999999999
0.355,1.11391242655847,1.01722257903009,1.2131427584904,-0.0154745
0.365,1.08661453514883,0.991331817992263,1.18681427362031,-0.007386
0.375,1.05828122985687,0.96160911545102,1.15878162624024,0.0030875
0.385,1.03032953696498,0.934212150957757,1.13119341157871,0.011867
0.395,1.00413344604134,0.907814824586009,1.10628319213649,0.0213275
0.405,0.980831274219794,0.884196913094913,1.08311081106376,0.0394470000000001
0.415,0.96120454902465,0.867942995712712,1.06279463366765,0.0506465
0.425,0.945704019043861,0.853239656241579,1.04446456467652,0.059785
0.435,0.934286463895549,0.843518575411706,1.03195870949145,0.072798
0.445,0.926414680972152,0.83753680083979,1.02231042573901,0.0819565
0.455,0.921247917843718,0.837306572430923,1.01491639398975,0.086214
0.465,0.917657481957417,0.837166007889097,1.01038587213859,0.092985
0.475,0.914395714164621,0.836323149987821,1.00576734444788,0.1033325
0.485,0.910340622669393,0.833844359211489,0.997346414776835,0.108246
0.495,0.904565930233793,0.829654671855922,0.990541345953682,0.1164685
0.505,0.89659374548887,0.824255670203909,0.978912574200151,0.126209
0.515,0.886339214756973,0.815085138120341,0.966473898265027,0.1337
0.525,0.874077472153507,0.803887323316002,0.949070966826871,0.1396125
0.535,0.860478984146138,0.789896015396767,0.934338258497232,0.141989
0.545,0.846331963359171,0.777482863211168,0.922631236066733,0.146467
0.555,0.832448415016007,0.764542924161643,0.906805775446155,0.150289
0.565,0.819507733225363,0.751194822733398,0.891791091724656,0.159957
0.575,0.807929462254165,0.74063187223531,0.880971366045098,0.167035
0.585,0.797876373820279,0.731625362531179,0.871725926159625,0.172253
0.595,0.789223614279706,0.722674634472377,0.8612837783114,0.179326
0.605,0.781653345622185,0.716178794845494,0.854251065581062,0.1828175
0.615,0.774818284301538,0.709436051385295,0.849585729816725,0.1897455
0.625,0.768458975064782,0.700942514654369,0.84750409434414,0.196275
0.635,0.762543203288054,0.692406095338441,0.844013854140821,0.202672
0.645,0.757365142256721,0.685124785287766,0.839480990469498,0.2075135
0.655,0.753593460754039,0.677648467777448,0.838928655712514,0.2213395
0.665,0.752120043288578,0.671605746631858,0.837068202852611,0.229249
0.675,0.753978180482415,0.667590773934045,0.84157565129035,0.23999
0.685,0.760268111003026,0.672416146754174,0.84827069669149,0.2476315
0.695,0.77166293340386,0.679215682550591,0.863776703795685,0.2601995
0.705,0.788501686599151,0.691134738255767,0.8809298814956,0.2673435
0.715,0.810740624560457,0.70917895770234,0.907238164145536,0.2819
0.725,0.837674302827039,0.736297222000579,0.937891370571199,0.29512
0.735,0.868213723417766,0.763486328632687,0.968976396656416,0.314853
0.745,0.900997801886231,0.793955799707219,1.00311704613122,0.341023
0.755,0.934404111050496,0.829439219328028,1.0417948774726,0.376178
0.765,0.966792220566289,0.862662750193649,1.07458393038472,0.399654
0.775,0.996577570439276,0.892820511749096,1.10336908814263,0.4236475
0.785,1.02231756028271,0.917827032180726,1.1299175606948,0.4412345
0.795,1.04297868172844,0.943172333855445,1.15475185817516,0.4551585
0.805,1.05785232497557,0.957833272323734,1.16956982354222,0.4977305
0.815,1.06663897923089,0.968052351775884,1.17571059475639,0.515113
0.825,1.06981219550234,0.971942026293627,1.17827091917468,0.5390175
0.835,1.06828310492072,0.972937639065986,1.17494601561375,0.567521
0.845,1.06345360890377,0.972241340466331,1.1646012070576,0.5775995
0.855,1.05732464165741,0.969996221625003,1.15141268161448,0.6093365
0.865,1.05208259083528,0.966762213008096,1.14259143027654,0.633427
0.875,1.05014453546875,0.964514948171697,1.13991675778404,0.640425
0.885,1.05378701332496,0.971032423984848,1.14142383421568,0.650679
0.895,1.06495154187118,0.98470573554615,1.15169723662143,0.661232
0.905,1.08521394678999,1.00343921475046,1.17192640924092,0.666745
0.915,1.11520780392344,1.02882722579885,1.20283935383425,0.6863655
0.925,1.15444172013725,1.06041337379655,1.24510333950855,0.70103
0.935,1.20136427486714,1.09897404020007,1.29927238379887,0.745833
0.945,1.25301542541609,1.13843582299061,1.35973359543417,0.764718
0.955,1.30525669200137,1.17286352714599,1.42725356374549,0.777702
0.965,1.3533086020261,1.20844172535249,1.49614310928119,0.798944
0.975,1.39203586607964,1.23512301911927,1.54947464569318,0.806755
0.985,1.41729590361466,1.25136172613644,1.58576042742972,0.8272015
0.995,1.42618970924658,1.2568898054357,1.59840001048846,0.8680295
