previsao,r,g,lo,hi
modelo + resíduos empíricos por bloco,0.005,0.982840363596494,0.840527760470073,1.13718566810241
modelo + resíduos empíricos por bloco,0.015,0.98120463403719,0.842313451900577,1.13289801365532
modelo + resíduos empíricos por bloco,0.025,0.976606717948709,0.845719950733356,1.11995506535943
modelo + resíduos empíricos por bloco,0.035,0.96977194827374,0.852775826753995,1.09673031722752
modelo + resíduos empíricos por bloco,0.045,0.96176814752911,0.86021006898736,1.07267898126345
modelo + resíduos empíricos por bloco,0.055,0.953895535333726,0.866531448275973,1.04794715994753
modelo + resíduos empíricos por bloco,0.065,0.947398407114109,0.87452231421526,1.02646698771069
modelo + resíduos empíricos por bloco,0.075,0.943395763118584,0.88022490197165,1.01086990130688
modelo + resíduos empíricos por bloco,0.085,0.942672416265316,0.886700869305836,1.00352260398797
modelo + resíduos empíricos por bloco,0.095,0.945605745911965,0.890981268830773,1.0086701437312
modelo + resíduos empíricos por bloco,0.105,0.952254316360238,0.895434503414899,1.0165371348882
modelo + resíduos empíricos por bloco,0.115,0.962287661258215,0.900667581530091,1.02608225111629
modelo + resíduos empíricos por bloco,0.125,0.975035736233364,0.909715480020394,1.04048007687685
modelo + resíduos empíricos por bloco,0.135,0.989701780139056,0.922311888696815,1.05598781440373
modelo + resíduos empíricos por bloco,0.145,1.005396566922,0.934315676334713,1.07117207727077
modelo + resíduos empíricos por bloco,0.155,1.02126266751312,0.945465292041139,1.09145814439536
modelo + resíduos empíricos por bloco,0.165,1.03664138070387,0.954808438044624,1.11067390247968
modelo + resíduos empíricos por bloco,0.175,1.05110127916872,0.963102030463003,1.13688699336361
modelo + resíduos empíricos por bloco,0.185,1.06456195292458,0.975724126575059,1.15438532220079
modelo + resíduos empíricos por bloco,0.195,1.07720990626051,0.984852702588932,1.1737582145103
modelo + resíduos empíricos por bloco,0.205,1.08943635586092,0.992471048789056,1.18811011733544
modelo + resíduos empíricos por bloco,0.215,1.10172887956369,1.00334896445337,1.19973028268014
modelo + resíduos empíricos por bloco,0.225,1.11447809700848,1.01498305663204,1.21275718933189
modelo + resíduos empíricos por bloco,0.235,1.12786772712137,1.02692625468708,1.2300922631429
modelo + resíduos empíricos por bloco,0.245,1.14174328344458,1.03880523418964,1.24513839359944
modelo + resíduos empíricos por bloco,0.255,1.15560539406851,1.04936511519946,1.26101928023734
modelo + resíduos empíricos por bloco,0.265,1.16864236309201,1.06124649155702,1.27810060129675
modelo + resíduos empíricos por bloco,0.275,1.17980918617496,1.07002169635056,1.29677025241065
modelo + resíduos empíricos por bloco,0.285,1.18803360889714,1.07700157891474,1.30997897942024
modelo + resíduos empíricos por bloco,0.295,1.19226757755912,1.08010648967416,1.31186250829482
modelo + resíduos empíricos por bloco,0.305,1.19160627617619,1.08117180657963,1.30975428612283
modelo + resíduos empíricos por bloco,0.315,1.18559811196071,1.07172261374701,1.29803448007651
modelo + resíduos empíricos por bloco,0.325,1.17407520588038,1.06021174482046,1.28140248022691
modelo + resíduos empíricos por bloco,0.335,1.15717770674967,1.0502667816048,1.25794664560107
modelo + resíduos empíricos por bloco,0.345,1.13566876287298,1.03325568172018,1.24099698374904
modelo + resíduos empíricos por bloco,0.355,1.11052589272741,1.0073934330823,1.21580327781541
modelo + resíduos empíricos por bloco,0.365,1.0829688781985,0.986345495970325,1.1872015071539
modelo + resíduos empíricos por bloco,0.375,1.0544780188244,0.95896453215606,1.15439177698637
modelo + resíduos empíricos por bloco,0.385,1.02649438532555,0.929191211982554,1.12796967366921
modelo + resíduos empíricos por bloco,0.395,1.0004103157114,0.902425464997302,1.10432086907079
modelo + resíduos empíricos por bloco,0.405,0.97736910327923,0.880469565092055,1.08045570552312
modelo + resíduos empíricos por bloco,0.415,0.958146073435285,0.864078586406898,1.05974148572345
modelo + resíduos empíricos por bloco,0.425,0.943176669176047,0.85100626108173,1.04209016810382
modelo + resíduos empíricos por bloco,0.435,0.932388998539986,0.844415372481576,1.02701183343777
modelo + resíduos empíricos por bloco,0.445,0.925207226665916,0.840151568340856,1.02140169876174
modelo + resíduos empíricos por bloco,0.455,0.920747666618598,0.835199088614047,1.01038305491668
modelo + resíduos empíricos por bloco,0.465,0.917836130534389,0.834777330418055,1.00379502311418
modelo + resíduos empíricos por bloco,0.475,0.915185234950789,0.834125768673526,1.00048827855798
modelo + resíduos empíricos por bloco,0.485,0.91164212961404,0.833370034080762,0.993538727268867
modelo + resíduos empíricos por bloco,0.495,0.9062593052535,0.831602278260565,0.989185453281555
modelo + resíduos empíricos por bloco,0.505,0.898555578283182,0.82628513755794,0.983204881029061
modelo + resíduos empíricos por bloco,0.515,0.888451566128089,0.817650998890652,0.969048669208667
modelo + resíduos empíricos por bloco,0.525,0.876233639306502,0.807940095179066,0.956003935177224
modelo + resíduos empíricos por bloco,0.535,0.86259139513193,0.79657682523964,0.940113100682068
modelo + resíduos empíricos por bloco,0.545,0.848329904781455,0.780787070349162,0.922207062317571
modelo + resíduos empíricos por bloco,0.555,0.834274823658921,0.767142139982327,0.908948084023639
modelo + resíduos empíricos por bloco,0.565,0.821117951837519,0.757553460876221,0.898128482968207
modelo + resíduos empíricos por bloco,0.575,0.809288732062522,0.745202373804023,0.890371980527092
modelo + resíduos empíricos por bloco,0.585,0.798958875097152,0.734895298294332,0.880227138364405
modelo + resíduos empíricos por bloco,0.595,0.790013989001951,0.724600893637638,0.869862235375891
modelo + resíduos empíricos por bloco,0.605,0.782148094095557,0.712420314388554,0.863277787037619
modelo + resíduos empíricos por bloco,0.615,0.775026742982064,0.703476121750649,0.85961716107855
modelo + resíduos empíricos por bloco,0.625,0.768403926840258,0.6938324183882,0.85411146177476
modelo + resíduos empíricos por bloco,0.635,0.762259243922178,0.683059372412024,0.848418531814984
modelo + resíduos empíricos por bloco,0.645,0.756897591219856,0.675968249162366,0.842454126907947
modelo + resíduos empíricos por bloco,0.655,0.75299810736193,0.669475395357585,0.839621687415016
modelo + resíduos empíricos por bloco,0.665,0.751460340550792,0.665227692647999,0.843066008640262
modelo + resíduos empíricos por bloco,0.675,0.753326107577673,0.664088142545452,0.848591094223024
modelo + resíduos empíricos por bloco,0.685,0.759706093259249,0.666998786543697,0.855674202411638
modelo + resíduos empíricos por bloco,0.695,0.771279396462715,0.674189310703952,0.868499727724317
modelo + resíduos empíricos por bloco,0.705,0.788389194967153,0.69136830997198,0.889197073073758
modelo + resíduos empíricos por bloco,0.715,0.810991626069154,0.711555781783023,0.915498128254362
modelo + resíduos empíricos por bloco,0.725,0.838369607748359,0.736111924413488,0.94049812726887
modelo + resíduos empíricos por bloco,0.735,0.869413131278895,0.767201713631748,0.971977074865061
modelo + resíduos empíricos por bloco,0.745,0.902731075097723,0.800398765678846,1.00529906312136
modelo + resíduos empíricos por bloco,0.755,0.936662651493011,0.835419519603673,1.03995651925517
modelo + resíduos empíricos por bloco,0.765,0.969528175103358,0.869321506918501,1.07384610168415
modelo + resíduos empíricos por bloco,0.775,0.999707350612879,0.901612486001494,1.10608349885506
modelo + resíduos empíricos por bloco,0.785,1.02573161246512,0.926153554510889,1.13510840033485
modelo + resíduos empíricos por bloco,0.795,1.04655958522991,0.948514122658852,1.15094434583962
modelo + resíduos empíricos por bloco,0.805,1.06148971816172,0.963430492866423,1.16195011777416
modelo + resíduos empíricos por bloco,0.815,1.07024462470366,0.977505705118154,1.16827245128157
modelo + resíduos empíricos por bloco,0.825,1.07333352585925,0.980070277046094,1.17184740356706
modelo + resíduos empíricos por bloco,0.835,1.07170369799069,0.981683525232706,1.16716831685452
modelo + resíduos empíricos por bloco,0.845,1.06678833656263,0.977531696765112,1.1604482571957
modelo + resíduos empíricos por bloco,0.855,1.06060439421685,0.973588447549086,1.1541658380856
modelo + resíduos empíricos por bloco,0.865,1.05533393564878,0.972441321517191,1.14202043990191
modelo + resíduos empíricos por bloco,0.875,1.05336686020579,0.97505766043859,1.14209014917579
modelo + resíduos empíricos por bloco,0.885,1.05693142741653,0.9803376363024,1.14336341651116
modelo + resíduos empíricos por bloco,0.895,1.06790958374066,0.987977439794922,1.15130748278769
modelo + resíduos empíricos por bloco,0.905,1.08781342481346,1.00670820542392,1.1710822694535
modelo + resíduos empíricos por bloco,0.915,1.11722795982032,1.03047255170293,1.20815921223168
modelo + resíduos empíricos por bloco,0.925,1.15564345827812,1.06364299329386,1.25008657460646
modelo + resíduos empíricos por bloco,0.935,1.20152426789572,1.1006275973155,1.30353999825063
modelo + resíduos empíricos por bloco,0.945,1.25197236135899,1.13543591291488,1.36444249027178
modelo + resíduos empíricos por bloco,0.955,1.30295347155219,1.17073901682365,1.43003662389776
modelo + resíduos empíricos por bloco,0.965,1.34981660286994,1.20362786824906,1.48931788132614
modelo + resíduos empíricos por bloco,0.975,1.38756894738955,1.22716961278224,1.54434807192623
modelo + resíduos empíricos por bloco,0.985,1.41218623404421,1.24280885677766,1.57837598130077
modelo + resíduos empíricos por bloco,0.995,1.42085212058985,1.24900584971931,1.58888126482639
mediana do partido (ponto),0.005,0.817890210337643,0.817890210337643,0.817890210337643
mediana do partido (ponto),0.015,0.82795492724995,0.82795492724995,0.82795492724995
mediana do partido (ponto),0.025,0.856449433669323,0.856449433669323,0.856449433669323
mediana do partido (ponto),0.035,0.899988383276941,0.899988383276941,0.899988383276941
mediana do partido (ponto),0.045,0.953499949409355,0.953499949409355,0.953499949409355
mediana do partido (ponto),0.055,1.01039297381071,1.01039297381071,1.01039297381071
mediana do partido (ponto),0.065,1.06410110183628,1.06410110183628,1.06410110183628
mediana do partido (ponto),0.075,1.10851216025175,1.10851216025175,1.10851216025175
mediana do partido (ponto),0.085,1.13906016970073,1.13906016970073,1.13906016970073
mediana do partido (ponto),0.095,1.15338463646649,1.15338463646649,1.15338463646649
mediana do partido (ponto),0.105,1.15104943219079,1.15104943219079,1.15104943219079
mediana do partido (ponto),0.115,1.13383676559098,1.13383676559098,1.13383676559098
mediana do partido (ponto),0.125,1.10531904467134,1.10531904467134,1.10531904467134
mediana do partido (ponto),0.135,1.06965333657604,1.06965333657604,1.06965333657604
mediana do partido (ponto),0.145,1.03121600375969,1.03121600375969,1.03121600375969
mediana do partido (ponto),0.155,0.993860623915803,0.993860623915803,0.993860623915803
mediana do partido (ponto),0.165,0.960347371864149,0.960347371864149,0.960347371864149
mediana do partido (ponto),0.175,0.932411365333129,0.932411365333129,0.932411365333129
mediana do partido (ponto),0.185,0.910360090984481,0.910360090984481,0.910360090984481
mediana do partido (ponto),0.195,0.893678803672091,0.893678803672091,0.893678803672091
mediana do partido (ponto),0.205,0.88129832478987,0.88129832478987,0.88129832478987
mediana do partido (ponto),0.215,0.871719789403963,0.871719789403963,0.871719789403963
mediana do partido (ponto),0.225,0.86360242112196,0.86360242112196,0.86360242112196
mediana do partido (ponto),0.235,0.855923691411552,0.855923691411552,0.855923691411552
mediana do partido (ponto),0.245,0.848097468171619,0.848097468171619,0.848097468171619
mediana do partido (ponto),0.255,0.840011579248345,0.840011579248345,0.840011579248345
mediana do partido (ponto),0.265,0.831889671484155,0.831889671484155,0.831889671484155
mediana do partido (ponto),0.275,0.824115778260414,0.824115778260414,0.824115778260414
mediana do partido (ponto),0.285,0.817005584475346,0.817005584475346,0.817005584475346
mediana do partido (ponto),0.295,0.810683856442013,0.810683856442013,0.810683856442013
mediana do partido (ponto),0.305,0.805043042034271,0.805043042034271,0.805043042034271
mediana do partido (ponto),0.315,0.799826256939427,0.799826256939427,0.799826256939427
mediana do partido (ponto),0.325,0.794880224051731,0.794880224051731,0.794880224051731
mediana do partido (ponto),0.335,0.790433356632567,0.790433356632567,0.790433356632567
mediana do partido (ponto),0.345,0.787333278719419,0.787333278719419,0.787333278719419
mediana do partido (ponto),0.355,0.78718219990613,0.78718219990613,0.78718219990613
mediana do partido (ponto),0.365,0.79246569694013,0.79246569694013,0.79246569694013
mediana do partido (ponto),0.375,0.805970749458222,0.805970749458222,0.805970749458222
mediana do partido (ponto),0.385,0.830477836009106,0.830477836009106,0.830477836009106
mediana do partido (ponto),0.395,0.868419029923897,0.868419029923897,0.868419029923897
mediana do partido (ponto),0.405,0.920654678997517,0.920654678997517,0.920654678997517
mediana do partido (ponto),0.415,0.986265672042901,0.986265672042901,0.986265672042901
mediana do partido (ponto),0.425,1.06259437022073,1.06259437022073,1.06259437022073
mediana do partido (ponto),0.435,1.14495106286579,1.14495106286579,1.14495106286579
mediana do partido (ponto),0.445,1.22747442349749,1.22747442349749,1.22747442349749
mediana do partido (ponto),0.455,1.30406412747001,1.30406412747001,1.30406412747001
mediana do partido (ponto),0.465,1.36911340038778,1.36911340038778,1.36911340038778
mediana do partido (ponto),0.475,1.41899733321478,1.41899733321478,1.41899733321478
mediana do partido (ponto),0.485,1.45200192639262,1.45200192639262,1.45200192639262
mediana do partido (ponto),0.495,1.46829691045841,1.46829691045841,1.46829691045841
mediana do partido (ponto),0.505,1.47046754331326,1.47046754331326,1.47046754331326
mediana do partido (ponto),0.515,1.46167021290715,1.46167021290715,1.46167021290715
mediana do partido (ponto),0.525,1.44506731207537,1.44506731207537,1.44506731207537
mediana do partido (ponto),0.535,1.42344243740279,1.42344243740279,1.42344243740279
mediana do partido (ponto),0.545,1.39820974479908,1.39820974479908,1.39820974479908
mediana do partido (ponto),0.555,1.36942170611259,1.36942170611259,1.36942170611259
mediana do partido (ponto),0.565,1.33610056851004,1.33610056851004,1.33610056851004
mediana do partido (ponto),0.575,1.29668037027966,1.29668037027966,1.29668037027966
mediana do partido (ponto),0.585,1.24945877016511,1.24945877016511,1.24945877016511
mediana do partido (ponto),0.595,1.19338499359813,1.19338499359813,1.19338499359813
mediana do partido (ponto),0.605,1.12853749375576,1.12853749375576,1.12853749375576
mediana do partido (ponto),0.615,1.05602955339909,1.05602955339909,1.05602955339909
mediana do partido (ponto),0.625,0.978188831927847,0.978188831927847,0.978188831927847
mediana do partido (ponto),0.635,0.898298467028777,0.898298467028777,0.898298467028777
mediana do partido (ponto),0.645,0.81994897812829,0.81994897812829,0.81994897812829
mediana do partido (ponto),0.655,0.746873722850906,0.746873722850906,0.746873722850906
mediana do partido (ponto),0.665,0.682130979755117,0.682130979755117,0.682130979755117
mediana do partido (ponto),0.675,0.628082251382095,0.628082251382095,0.628082251382095
mediana do partido (ponto),0.685,0.586512591389777,0.586512591389777,0.586512591389777
mediana do partido (ponto),0.695,0.557795358861946,0.557795358861946,0.557795358861946
mediana do partido (ponto),0.705,0.541765817696675,0.541765817696675,0.541765817696675
mediana do partido (ponto),0.715,0.537937575192853,0.537937575192853,0.537937575192853
mediana do partido (ponto),0.725,0.545180592549514,0.545180592549514,0.545180592549514
mediana do partido (ponto),0.735,0.562444396503288,0.562444396503288,0.562444396503288
mediana do partido (ponto),0.745,0.58908677601242,0.58908677601242,0.58908677601242
mediana do partido (ponto),0.755,0.624737908241044,0.624737908241044,0.624737908241044
mediana do partido (ponto),0.765,0.669458301447763,0.669458301447763,0.669458301447763
mediana do partido (ponto),0.775,0.72389297637428,0.72389297637428,0.72389297637428
mediana do partido (ponto),0.785,0.788848119792771,0.788848119792771,0.788848119792771
mediana do partido (ponto),0.795,0.86458947675642,0.86458947675642,0.86458947675642
mediana do partido (ponto),0.805,0.950702556004257,0.950702556004257,0.950702556004257
mediana do partido (ponto),0.815,1.04534674315811,1.04534674315811,1.04534674315811
mediana do partido (ponto),0.825,1.14446149781713,1.14446149781713,1.14446149781713
mediana do partido (ponto),0.835,1.24227139860636,1.24227139860636,1.24227139860636
mediana do partido (ponto),0.845,1.33106516682038,1.33106516682038,1.33106516682038
mediana do partido (ponto),0.855,1.40284312405927,1.40284312405927,1.40284312405927
mediana do partido (ponto),0.865,1.45027783361991,1.45027783361991,1.45027783361991
mediana do partido (ponto),0.875,1.46742264116093,1.46742264116093,1.46742264116093
mediana do partido (ponto),0.885,1.4524680999735,1.4524680999735,1.4524680999735
mediana do partido (ponto),0.895,1.40720487976757,1.40720487976757,1.40720487976757
mediana do partido (ponto),0.905,1.33650279348241,1.33650279348241,1.33650279348241
mediana do partido (ponto),0.915,1.24852541133645,1.24852541133645,1.24852541133645
mediana do partido (ponto),0.925,1.15257384045409,1.15257384045409,1.15257384045409
mediana do partido (ponto),0.935,1.05752138023727,1.05752138023727,1.05752138023727
mediana do partido (ponto),0.945,0.97092476230288,0.97092476230288,0.97092476230288
mediana do partido (ponto),0.955,0.897726250136766,0.897726250136766,0.897726250136766
mediana do partido (ponto),0.965,0.840647003733321,0.840647003733321,0.840647003733321
mediana do partido (ponto),0.975,0.800671789256998,0.800671789256998,0.800671789256998
mediana do partido (ponto),0.985,0.777075302707032,0.777075302707032,0.777075302707032
mediana do partido (ponto),0.995,0.769182868323131,0.769182868323131,0.769182868323131
sorteio entre os deputados do partido na 57ª,0.005,0.949992176999852,0.832978339634778,1.06367111325594
sorteio entre os deputados do partido na 57ª,0.015,0.95213795526981,0.836026935587469,1.06481337573225
sorteio entre os deputados do partido na 57ª,0.025,0.958180990552349,0.844250008942681,1.06406649112096
sorteio entre os deputados do partido na 57ª,0.035,0.967391855396694,0.864452731990552,1.06141215386183
sorteio entre os deputados do partido na 57ª,0.045,0.978727883561885,0.888595242574616,1.06325497294175
sorteio entre os deputados do partido na 57ª,0.055,0.990917702976981,0.913906198345334,1.06121103723461
sorteio entre os deputados do partido na 57ª,0.065,1.00279261415521,0.932778600995704,1.06129192185209
sorteio entre os deputados do partido na 57ª,0.075,1.01334791727745,0.955942542302444,1.06624582322096
sorteio entre os deputados do partido na 57ª,0.085,1.02185806483851,0.971316498209228,1.07061694200432
sorteio entre os deputados do partido na 57ª,0.095,1.0278979872009,0.978093463604872,1.07546901566468
sorteio entre os deputados do partido na 57ª,0.105,1.03122335061644,0.980726164186204,1.08153232958335
sorteio entre os deputados do partido na 57ª,0.115,1.03177655460926,0.979043737343879,1.08248295881674
sorteio entre os deputados do partido na 57ª,0.125,1.02968349455764,0.973105536790191,1.08511212193294
sorteio entre os deputados do partido na 57ª,0.135,1.02514890423721,0.964149958632048,1.08528386830136
sorteio entre os deputados do partido na 57ª,0.145,1.0185291233408,0.956303093240741,1.08388165875018
sorteio entre os deputados do partido na 57ª,0.155,1.01042738316936,0.944961659482985,1.07785021983344
sorteio entre os deputados do partido na 57ª,0.165,1.00158665410426,0.932497797019815,1.07028548503544
sorteio entre os deputados do partido na 57ª,0.175,0.992922108379021,0.924348386318536,1.06477817889469
sorteio entre os deputados do partido na 57ª,0.185,0.985389976320164,0.914886951331994,1.06095206807566
sorteio entre os deputados do partido na 57ª,0.195,0.979843639636938,0.909478328904462,1.05523238413789
sorteio entre os deputados do partido na 57ª,0.205,0.976982860706583,0.906794895452454,1.04906208543276
sorteio entre os deputados do partido na 57ª,0.215,0.977089893592044,0.907402083306609,1.0491778345159
sorteio entre os deputados do partido na 57ª,0.225,0.98011324512744,0.909891312563487,1.0514299161003
sorteio entre os deputados do partido na 57ª,0.235,0.985728879594211,0.912258062780371,1.05736156203231
sorteio entre os deputados do partido na 57ª,0.245,0.993313393936999,0.916135502079506,1.0706794985032
sorteio entre os deputados do partido na 57ª,0.255,1.00214180260871,0.918920041874179,1.08421815123719
sorteio entre os deputados do partido na 57ª,0.265,1.01148769755479,0.927622923100044,1.09823964658558
sorteio entre os deputados do partido na 57ª,0.275,1.02063453872046,0.933606156892814,1.11078137974363
sorteio entre os deputados do partido na 57ª,0.285,1.02892841200963,0.938998954373428,1.12605176727319
sorteio entre os deputados do partido na 57ª,0.295,1.03573322344835,0.944026866710674,1.13543019342191
sorteio entre os deputados do partido na 57ª,0.305,1.04039068606968,0.954391985789844,1.13799684807135
sorteio entre os deputados do partido na 57ª,0.315,1.04233559815286,0.955668655238021,1.13786967100219
sorteio entre os deputados do partido na 57ª,0.325,1.04105587460546,0.957766323685433,1.1356831930905
sorteio entre os deputados do partido na 57ª,0.335,1.03615022029345,0.948848379580625,1.13170350258215
sorteio entre os deputados do partido na 57ª,0.345,1.02767779375954,0.935877200160249,1.12307590639724
sorteio entre os deputados do partido na 57ª,0.355,1.01601575662126,0.923224315801093,1.11547658765705
sorteio entre os deputados do partido na 57ª,0.365,1.00194468845269,0.914022628336039,1.09887238595956
sorteio entre os deputados do partido na 57ª,0.375,0.98674987374879,0.899076201046505,1.08279625471664
sorteio entre os deputados do partido na 57ª,0.385,0.971924490950625,0.884243037870827,1.07015175876663
sorteio entre os deputados do partido na 57ª,0.395,0.959097486829804,0.869695329635389,1.05982127847056
sorteio entre os deputados do partido na 57ª,0.405,0.949734242090963,0.863749184955981,1.05235353557249
sorteio entre os deputados do partido na 57ª,0.415,0.944889901603372,0.860174878339158,1.04638088162488
sorteio entre os deputados do partido na 57ª,0.425,0.945166555180791,0.865195335863362,1.04169049785642
sorteio entre os deputados do partido na 57ª,0.435,0.950462890470969,0.871077066346081,1.04571924723958
sorteio entre os deputados do partido na 57ª,0.445,0.959965856060595,0.878969288530223,1.05336179469762
sorteio entre os deputados do partido na 57ª,0.455,0.972402305267873,0.888359620142211,1.06537987828019
sorteio entre os deputados do partido na 57ª,0.465,0.986083558974238,0.902436081971729,1.07998881101992
sorteio entre os deputados do partido na 57ª,0.475,0.999185484494398,0.911601155135953,1.09032571601893
sorteio entre os deputados do partido na 57ª,0.485,1.01004943507949,0.920763049048271,1.09483499060044
sorteio entre os deputados do partido na 57ª,0.495,1.01726833246445,0.925682895509528,1.1040270554649
sorteio entre os deputados do partido na 57ª,0.505,1.02010331473943,0.928802393589523,1.10937628075458
sorteio entre os deputados do partido na 57ª,0.515,1.01833236728478,0.926900041854971,1.11183800071066
sorteio entre os deputados do partido na 57ª,0.525,1.01219982982393,0.919412974741755,1.11227967228641
sorteio entre os deputados do partido na 57ª,0.535,1.00257512683553,0.909354208537108,1.10326995779737
sorteio entre os deputados do partido na 57ª,0.545,0.990499667112825,0.899714778477691,1.08874481734073
sorteio entre os deputados do partido na 57ª,0.555,0.977060225038845,0.887697588861343,1.06992122430228
sorteio entre os deputados do partido na 57ª,0.565,0.963255185837988,0.872499687344259,1.05707458848096
sorteio entre os deputados do partido na 57ª,0.575,0.949760769603715,0.85862715349287,1.04404997624725
sorteio entre os deputados do partido na 57ª,0.585,0.93689889795925,0.845976399337591,1.02840587530201
sorteio entre os deputados do partido na 57ª,0.595,0.924623165012075,0.832811230235622,1.01634949823964
sorteio entre os deputados do partido na 57ª,0.605,0.912613585635214,0.82119959702209,1.00567533688189
sorteio entre os deputados do partido na 57ª,0.615,0.900442760945781,0.807042217383563,0.994797562773372
sorteio entre os deputados do partido na 57ª,0.625,0.887738990491811,0.796237114205248,0.986115841695916
sorteio entre os deputados do partido na 57ª,0.635,0.874394657820259,0.783667891081774,0.972639609130421
sorteio entre os deputados do partido na 57ª,0.645,0.860658271522102,0.768724917444309,0.958348264915683
sorteio entre os deputados do partido na 57ª,0.655,0.847215725003344,0.756517140090002,0.944163321050511
sorteio entre os deputados do partido na 57ª,0.665,0.835115061865573,0.745289199033861,0.928922533045537
sorteio entre os deputados do partido na 57ª,0.675,0.825621240477424,0.734786962165592,0.921732927417083
sorteio entre os deputados do partido na 57ª,0.685,0.820156982762276,0.728288657390251,0.914641251524166
sorteio entre os deputados do partido na 57ª,0.695,0.819807421036053,0.725020285659041,0.918572769633425
sorteio entre os deputados do partido na 57ª,0.705,0.825342464257782,0.72987512441273,0.924979557179861
sorteio entre os deputados do partido na 57ª,0.715,0.837171689522508,0.742678209369303,0.937904589608257
sorteio entre os deputados do partido na 57ª,0.725,0.854989705192357,0.761147647191284,0.956859576744504
sorteio entre os deputados do partido na 57ª,0.735,0.878044683004215,0.784894319540588,0.980857999527722
sorteio entre os deputados do partido na 57ª,0.745,0.905287611173158,0.810438961538465,1.00967377060937
sorteio entre os deputados do partido na 57ª,0.755,0.935333993166215,0.836822967275146,1.04239103256411
sorteio entre os deputados do partido na 57ª,0.765,0.966720669076946,0.865056794770794,1.08046345731975
sorteio entre os deputados do partido na 57ª,0.775,0.99805198102912,0.894261538498675,1.10903787322198
sorteio entre os deputados do partido na 57ª,0.785,1.0280216434521,0.928569915794772,1.13982046797872
sorteio entre os deputados do partido na 57ª,0.795,1.0555648699626,0.95546433932195,1.16663133377912
sorteio entre os deputados do partido na 57ª,0.805,1.07980392407145,0.978247788782221,1.18585821796907
sorteio entre os deputados do partido na 57ª,0.815,1.10000279110262,0.997134257267299,1.20410008651125
sorteio entre os deputados do partido na 57ª,0.825,1.11577994175628,1.01848278214044,1.2176823220208
sorteio entre os deputados do partido na 57ª,0.835,1.12689559105635,1.03392153283244,1.22889663961515
sorteio entre os deputados do partido na 57ª,0.845,1.13324251762109,1.04486018952313,1.23599607194438
sorteio entre os deputados do partido na 57ª,0.855,1.13521171895,1.04953032732982,1.23120514335636
sorteio entre os deputados do partido na 57ª,0.865,1.13341732239622,1.04728672852335,1.22467569715526
sorteio entre os deputados do partido na 57ª,0.875,1.12878411072897,1.04499421135828,1.21686190275827
sorteio entre os deputados do partido na 57ª,0.885,1.12265852476787,1.04203424870144,1.20844606491511
sorteio entre os deputados do partido na 57ª,0.895,1.1165307479002,1.03648810175948,1.20392069939464
sorteio entre os deputados do partido na 57ª,0.905,1.11193614829559,1.03367521093371,1.1979193169016
sorteio entre os deputados do partido na 57ª,0.915,1.11019372345512,1.02059532293685,1.19618655236476
sorteio entre os deputados do partido na 57ª,0.925,1.11210841312134,1.01619435327887,1.20284488150065
sorteio entre os deputados do partido na 57ª,0.935,1.11790549391657,1.01030141990444,1.21914831262047
sorteio entre os deputados do partido na 57ª,0.945,1.12704737982431,1.00708841259239,1.23666853908869
sorteio entre os deputados do partido na 57ª,0.955,1.1382609431803,1.00777979676662,1.2631933219647
sorteio entre os deputados do partido na 57ª,0.965,1.14985974393127,1.01034943086741,1.28859750683547
sorteio entre os deputados do partido na 57ª,0.975,1.15991245974556,1.00840387597164,1.30939048084285
sorteio entre os deputados do partido na 57ª,0.985,1.16674222893459,1.008070788311,1.32379869494641
sorteio entre os deputados do partido na 57ª,0.995,1.16918203432198,1.00797871010238,1.32897342958893
