decil,g,lo,hi,faixa
1,0.935808966861599,0.837719298245614,1.05263157894737,-0.87 a -0.77
2,1.11492202729045,0.994152046783626,1.24756335282651,-0.77 a -0.48
3,1.07942495126706,0.935672514619883,1.24756335282651,-0.48 a -0.11
4,1.13637426900585,0.994152046783626,1.30604288499025,-0.11 a 0.03
5,0.888732943469785,0.760233918128655,1.03313840155945,0.03 a 0.12
6,0.891461988304095,0.799220272904483,0.994152046783626,0.12 a 0.18
7,0.689346978557502,0.584795321637427,0.799220272904483,0.18 a 0.26
8,0.887582846003898,0.740740740740741,1.03313840155945,0.26 a 0.46
9,1.08890838206628,0.954678362573099,1.24756335282651,0.46 a 0.66
10,1.2874366471735,1.15009746588694,1.42300194931774,0.66 a 0.91
