comparacao,r,g,lo,hi
Senado 2023–26 vs Câmara 2023–26,0.005,0.273516646878776,0.273516646878776,0.273516646878776
Senado 2023–26 vs Câmara 2023–26,0.015,0.274955217746394,0.274955217746394,0.274955217746394
Senado 2023–26 vs Câmara 2023–26,0.025,0.279503973322987,0.279503973322987,0.279503973322987
Senado 2023–26 vs Câmara 2023–26,0.035,0.287558093179202,0.287558093179202,0.287558093179202
Senado 2023–26 vs Câmara 2023–26,0.045,0.299849495265767,0.299849495265767,0.299849495265767
Senado 2023–26 vs Câmara 2023–26,0.055,0.317469521450821,0.317469521450821,0.317469521450821
Senado 2023–26 vs Câmara 2023–26,0.065,0.341428441975558,0.341428441975558,0.341428441975558
Senado 2023–26 vs Câmara 2023–26,0.075,0.37282349694322,0.37282349694322,0.37282349694322
Senado 2023–26 vs Câmara 2023–26,0.085,0.412865029102687,0.412865029102687,0.412865029102687
Senado 2023–26 vs Câmara 2023–26,0.095,0.4623825478498,0.4623825478498,0.4623825478498
Senado 2023–26 vs Câmara 2023–26,0.105,0.521814813832813,0.521814813832813,0.521814813832813
Senado 2023–26 vs Câmara 2023–26,0.115,0.591386504589904,0.591386504589904,0.591386504589904
Senado 2023–26 vs Câmara 2023–26,0.125,0.670770161799242,0.670770161799242,0.670770161799242
Senado 2023–26 vs Câmara 2023–26,0.135,0.758839568004368,0.758839568004368,0.758839568004368
Senado 2023–26 vs Câmara 2023–26,0.145,0.854125033190124,0.854125033190124,0.854125033190124
Senado 2023–26 vs Câmara 2023–26,0.155,0.954671703984904,0.954671703984904,0.954671703984904
Senado 2023–26 vs Câmara 2023–26,0.165,1.05786550529916,1.05786550529916,1.05786550529916
Senado 2023–26 vs Câmara 2023–26,0.175,1.16097835069876,1.16097835069876,1.16097835069876
Senado 2023–26 vs Câmara 2023–26,0.185,1.26099977142174,1.26099977142174,1.26099977142174
Senado 2023–26 vs Câmara 2023–26,0.195,1.35508479566216,1.35508479566216,1.35508479566216
Senado 2023–26 vs Câmara 2023–26,0.205,1.44062496599562,1.44062496599562,1.44062496599562
Senado 2023–26 vs Câmara 2023–26,0.215,1.51513626569207,1.51513626569207,1.51513626569207
Senado 2023–26 vs Câmara 2023–26,0.225,1.57692252821063,1.57692252821063,1.57692252821063
Senado 2023–26 vs Câmara 2023–26,0.235,1.62498197917469,1.62498197917469,1.62498197917469
Senado 2023–26 vs Câmara 2023–26,0.245,1.65869388214758,1.65869388214758,1.65869388214758
Senado 2023–26 vs Câmara 2023–26,0.255,1.67822410154269,1.67822410154269,1.67822410154269
Senado 2023–26 vs Câmara 2023–26,0.265,1.6846805111767,1.6846805111767,1.6846805111767
Senado 2023–26 vs Câmara 2023–26,0.275,1.67941797480926,1.67941797480926,1.67941797480926
Senado 2023–26 vs Câmara 2023–26,0.285,1.6641364181027,1.6641364181027,1.6641364181027
Senado 2023–26 vs Câmara 2023–26,0.295,1.64120716490466,1.64120716490466,1.64120716490466
Senado 2023–26 vs Câmara 2023–26,0.305,1.61282606429453,1.61282606429453,1.61282606429453
Senado 2023–26 vs Câmara 2023–26,0.315,1.5810861838983,1.5810861838983,1.5810861838983
Senado 2023–26 vs Câmara 2023–26,0.325,1.54802657165462,1.54802657165462,1.54802657165462
Senado 2023–26 vs Câmara 2023–26,0.335,1.51521037799328,1.51521037799328,1.51521037799328
Senado 2023–26 vs Câmara 2023–26,0.345,1.4838097976397,1.4838097976397,1.4838097976397
Senado 2023–26 vs Câmara 2023–26,0.355,1.45447524736272,1.45447524736272,1.45447524736272
Senado 2023–26 vs Câmara 2023–26,0.365,1.42735887174961,1.42735887174961,1.42735887174961
Senado 2023–26 vs Câmara 2023–26,0.375,1.40222339170402,1.40222339170402,1.40222339170402
Senado 2023–26 vs Câmara 2023–26,0.385,1.37844133500861,1.37844133500861,1.37844133500861
Senado 2023–26 vs Câmara 2023–26,0.395,1.35512821501134,1.35512821501134,1.35512821501134
Senado 2023–26 vs Câmara 2023–26,0.405,1.33129804287462,1.33129804287462,1.33129804287462
Senado 2023–26 vs Câmara 2023–26,0.415,1.3059106463713,1.3059106463713,1.3059106463713
Senado 2023–26 vs Câmara 2023–26,0.425,1.27809712112302,1.27809712112302,1.27809712112302
Senado 2023–26 vs Câmara 2023–26,0.435,1.24716443226403,1.24716443226403,1.24716443226403
Senado 2023–26 vs Câmara 2023–26,0.445,1.21257365027983,1.21257365027983,1.21257365027983
Senado 2023–26 vs Câmara 2023–26,0.455,1.17430377890672,1.17430377890672,1.17430377890672
Senado 2023–26 vs Câmara 2023–26,0.465,1.13258137447737,1.13258137447737,1.13258137447737
Senado 2023–26 vs Câmara 2023–26,0.475,1.08792124416084,1.08792124416084,1.08792124416084
Senado 2023–26 vs Câmara 2023–26,0.485,1.04127699076963,1.04127699076963,1.04127699076963
Senado 2023–26 vs Câmara 2023–26,0.495,0.993835150015153,0.993835150015153,0.993835150015153
Senado 2023–26 vs Câmara 2023–26,0.505,0.946998284796357,0.946998284796357,0.946998284796357
Senado 2023–26 vs Câmara 2023–26,0.515,0.902328999757137,0.902328999757137,0.902328999757137
Senado 2023–26 vs Câmara 2023–26,0.525,0.861351904385633,0.861351904385633,0.861351904385633
Senado 2023–26 vs Câmara 2023–26,0.535,0.825574754128231,0.825574754128231,0.825574754128231
Senado 2023–26 vs Câmara 2023–26,0.545,0.796406521678318,0.796406521678318,0.796406521678318
Senado 2023–26 vs Câmara 2023–26,0.555,0.774739345361871,0.774739345361871,0.774739345361871
Senado 2023–26 vs Câmara 2023–26,0.565,0.761248965850287,0.761248965850287,0.761248965850287
Senado 2023–26 vs Câmara 2023–26,0.575,0.756465182938895,0.756465182938895,0.756465182938895
Senado 2023–26 vs Câmara 2023–26,0.585,0.760057135671674,0.760057135671674,0.760057135671674
Senado 2023–26 vs Câmara 2023–26,0.595,0.771578836418877,0.771578836418877,0.771578836418877
Senado 2023–26 vs Câmara 2023–26,0.605,0.790436373421253,0.790436373421253,0.790436373421253
Senado 2023–26 vs Câmara 2023–26,0.615,0.815532045547365,0.815532045547365,0.815532045547365
Senado 2023–26 vs Câmara 2023–26,0.625,0.845743961734753,0.845743961734753,0.845743961734753
Senado 2023–26 vs Câmara 2023–26,0.635,0.880002085284432,0.880002085284432,0.880002085284432
Senado 2023–26 vs Câmara 2023–26,0.645,0.917173518491806,0.917173518491806,0.917173518491806
Senado 2023–26 vs Câmara 2023–26,0.655,0.956207690072831,0.956207690072831,0.956207690072831
Senado 2023–26 vs Câmara 2023–26,0.665,0.996206436388786,0.996206436388786,0.996206436388786
Senado 2023–26 vs Câmara 2023–26,0.675,1.0363409578843,1.0363409578843,1.0363409578843
Senado 2023–26 vs Câmara 2023–26,0.685,1.07585826675818,1.07585826675818,1.07585826675818
Senado 2023–26 vs Câmara 2023–26,0.695,1.11404118583566,1.11404118583566,1.11404118583566
Senado 2023–26 vs Câmara 2023–26,0.705,1.15007986058239,1.15007986058239,1.15007986058239
Senado 2023–26 vs Câmara 2023–26,0.715,1.18320797154708,1.18320797154708,1.18320797154708
Senado 2023–26 vs Câmara 2023–26,0.725,1.21253678118028,1.21253678118028,1.21253678118028
Senado 2023–26 vs Câmara 2023–26,0.735,1.23695881269862,1.23695881269862,1.23695881269862
Senado 2023–26 vs Câmara 2023–26,0.745,1.2555033877379,1.2555033877379,1.2555033877379
Senado 2023–26 vs Câmara 2023–26,0.755,1.26716719636211,1.26716719636211,1.26716719636211
Senado 2023–26 vs Câmara 2023–26,0.765,1.27085587900196,1.27085587900196,1.27085587900196
Senado 2023–26 vs Câmara 2023–26,0.775,1.26580030813232,1.26580030813232,1.26580030813232
Senado 2023–26 vs Câmara 2023–26,0.785,1.25157372524564,1.25157372524564,1.25157372524564
Senado 2023–26 vs Câmara 2023–26,0.795,1.22789113847982,1.22789113847982,1.22789113847982
Senado 2023–26 vs Câmara 2023–26,0.805,1.19487411412054,1.19487411412054,1.19487411412054
Senado 2023–26 vs Câmara 2023–26,0.815,1.15329990090526,1.15329990090526,1.15329990090526
Senado 2023–26 vs Câmara 2023–26,0.825,1.10412668909574,1.10412668909574,1.10412668909574
Senado 2023–26 vs Câmara 2023–26,0.835,1.04856033838798,1.04856033838798,1.04856033838798
Senado 2023–26 vs Câmara 2023–26,0.845,0.988347200443608,0.988347200443608,0.988347200443608
Senado 2023–26 vs Câmara 2023–26,0.855,0.925179473641257,0.925179473641257,0.925179473641257
Senado 2023–26 vs Câmara 2023–26,0.865,0.860788986208772,0.860788986208772,0.860788986208772
Senado 2023–26 vs Câmara 2023–26,0.875,0.796895930755486,0.796895930755486,0.796895930755486
Senado 2023–26 vs Câmara 2023–26,0.885,0.734989023076576,0.734989023076576,0.734989023076576
Senado 2023–26 vs Câmara 2023–26,0.895,0.6764096709639,0.6764096709639,0.6764096709639
Senado 2023–26 vs Câmara 2023–26,0.905,0.622170960764526,0.622170960764526,0.622170960764526
Senado 2023–26 vs Câmara 2023–26,0.915,0.572971713706554,0.572971713706554,0.572971713706554
Senado 2023–26 vs Câmara 2023–26,0.925,0.529368219513161,0.529368219513161,0.529368219513161
Senado 2023–26 vs Câmara 2023–26,0.935,0.491682822677754,0.491682822677754,0.491682822677754
Senado 2023–26 vs Câmara 2023–26,0.945,0.459925920221327,0.459925920221327,0.459925920221327
Senado 2023–26 vs Câmara 2023–26,0.955,0.434115260127912,0.434115260127912,0.434115260127912
Senado 2023–26 vs Câmara 2023–26,0.965,0.414286322312808,0.414286322312808,0.414286322312808
Senado 2023–26 vs Câmara 2023–26,0.975,0.400190131962784,0.400190131962784,0.400190131962784
Senado 2023–26 vs Câmara 2023–26,0.985,0.391726087814916,0.391726087814916,0.391726087814916
Senado 2023–26 vs Câmara 2023–26,0.995,0.388965560132324,0.388965560132324,0.388965560132324
Senado 2027 vs Câmara 2027,0.005,0.604728764736693,0.407853050381075,0.850184524286355
Senado 2027 vs Câmara 2027,0.015,0.603265839925548,0.407748301757526,0.845288129436101
Senado 2027 vs Câmara 2027,0.025,0.598994291728086,0.407385576115447,0.831178690600172
Senado 2027 vs Câmara 2027,0.035,0.592655461693938,0.40884757651931,0.815262301691869
Senado 2027 vs Câmara 2027,0.045,0.585275775184757,0.410680909568484,0.793383985186992
Senado 2027 vs Câmara 2027,0.055,0.578200955437752,0.415319783870929,0.774427184698488
Senado 2027 vs Câmara 2027,0.065,0.572946911695436,0.423051991921736,0.74662415971328
Senado 2027 vs Câmara 2027,0.075,0.5710247876922,0.435416751929621,0.726145033023395
Senado 2027 vs Câmara 2027,0.085,0.573945478448963,0.454691144598755,0.709169678405355
Senado 2027 vs Câmara 2027,0.095,0.582882176646877,0.47697414777442,0.706033550078677
Senado 2027 vs Câmara 2027,0.105,0.598573942508102,0.501352788653632,0.716336729192338
Senado 2027 vs Câmara 2027,0.115,0.621442646171558,0.525832692622678,0.740898766241525
Senado 2027 vs Câmara 2027,0.125,0.651371441094835,0.55774972539386,0.771622159620987
Senado 2027 vs Câmara 2027,0.135,0.687547660756688,0.584490294631651,0.814385060220309
Senado 2027 vs Câmara 2027,0.145,0.728836802846937,0.614782168667384,0.867593768447
Senado 2027 vs Câmara 2027,0.155,0.773726242651745,0.645505332597232,0.922174226763435
Senado 2027 vs Câmara 2027,0.165,0.820267911169455,0.679092902001332,0.973951610694223
Senado 2027 vs Câmara 2027,0.175,0.866503424424445,0.714157126288771,1.02947628113489
Senado 2027 vs Câmara 2027,0.185,0.910377559298852,0.747785165453988,1.08049615944613
Senado 2027 vs Câmara 2027,0.195,0.95008628482196,0.782449455004367,1.12715418758772
Senado 2027 vs Câmara 2027,0.205,0.984102238005941,0.814394274617394,1.1642794520388
Senado 2027 vs Câmara 2027,0.215,1.01110087550776,0.837982183140777,1.1971888375377
Senado 2027 vs Câmara 2027,0.225,1.03035827265698,0.859444407467483,1.21844860802611
Senado 2027 vs Câmara 2027,0.235,1.04162989762589,0.866562969047839,1.24061661937537
Senado 2027 vs Câmara 2027,0.245,1.04493145186831,0.867377788879321,1.2523412384371
Senado 2027 vs Câmara 2027,0.255,1.0407334677473,0.8630079851151,1.25050488543344
Senado 2027 vs Câmara 2027,0.265,1.02997716223961,0.854035553124646,1.23169146443751
Senado 2027 vs Câmara 2027,0.275,1.01367843412494,0.839881853475918,1.20959469601846
Senado 2027 vs Câmara 2027,0.285,0.992975676102984,0.8229946784561,1.18193023842093
Senado 2027 vs Câmara 2027,0.295,0.969235554643743,0.803133240185162,1.15860885288043
Senado 2027 vs Câmara 2027,0.305,0.943669682318902,0.780724129742332,1.12680182180085
Senado 2027 vs Câmara 2027,0.315,0.917399923935434,0.750975324673449,1.09462412860971
Senado 2027 vs Câmara 2027,0.325,0.891425327649419,0.727346114442867,1.06104161447089
Senado 2027 vs Câmara 2027,0.335,0.866503852127757,0.710576886400702,1.03783914402428
Senado 2027 vs Câmara 2027,0.345,0.843210920274724,0.693963876381721,1.00710326328043
Senado 2027 vs Câmara 2027,0.355,0.821838787543826,0.672233807636898,0.977770074634158
Senado 2027 vs Câmara 2027,0.365,0.802443921142712,0.658919662520407,0.956428093569255
Senado 2027 vs Câmara 2027,0.375,0.784914701901177,0.637992536197121,0.943125518161648
Senado 2027 vs Câmara 2027,0.385,0.768936255913577,0.620306606754852,0.927665212631959
Senado 2027 vs Câmara 2027,0.395,0.754043765255876,0.604752105808382,0.916942090922582
Senado 2027 vs Câmara 2027,0.405,0.739731174770344,0.589964405614889,0.908799484170855
Senado 2027 vs Câmara 2027,0.415,0.725467801436907,0.577851393340507,0.898778281625629
Senado 2027 vs Câmara 2027,0.425,0.710785788381018,0.56273688837544,0.884698665223696
Senado 2027 vs Câmara 2027,0.435,0.695351169332169,0.54986128788078,0.869868182131597
Senado 2027 vs Câmara 2027,0.445,0.678984886208281,0.535252097492253,0.853290633499487
Senado 2027 vs Câmara 2027,0.455,0.66179593035256,0.521399669177083,0.831675691866664
Senado 2027 vs Câmara 2027,0.465,0.644127895634757,0.509503230619539,0.810199052683112
Senado 2027 vs Câmara 2027,0.475,0.626604894303661,0.492057463863367,0.795828128311272
Senado 2027 vs Câmara 2027,0.485,0.610110532150622,0.475372047588714,0.777325513799705
Senado 2027 vs Câmara 2027,0.495,0.595705570721918,0.459170915474701,0.761753510223615
Senado 2027 vs Câmara 2027,0.505,0.584647063584191,0.449624334564372,0.746245156745255
Senado 2027 vs Câmara 2027,0.515,0.578223139758868,0.447156212158303,0.736047531087541
Senado 2027 vs Câmara 2027,0.525,0.577571650930623,0.447250505655053,0.729509179101575
Senado 2027 vs Câmara 2027,0.535,0.583783321475494,0.4547786467598,0.730336801331394
Senado 2027 vs Câmara 2027,0.545,0.597770411956006,0.467107647621139,0.746167978904935
Senado 2027 vs Câmara 2027,0.555,0.619836655223179,0.486129215090367,0.773089325212299
Senado 2027 vs Câmara 2027,0.565,0.650061074469582,0.513359860126668,0.808413838384936
Senado 2027 vs Câmara 2027,0.575,0.68831247667665,0.545771645330183,0.849221506345295
Senado 2027 vs Câmara 2027,0.585,0.733616239836265,0.584017890702748,0.900106922444241
Senado 2027 vs Câmara 2027,0.595,0.784870107585614,0.628560767734704,0.959506625872811
Senado 2027 vs Câmara 2027,0.605,0.840748687852071,0.677835402577855,1.02039779603988
Senado 2027 vs Câmara 2027,0.615,0.899526865175502,0.735435829609548,1.08140851735223
Senado 2027 vs Câmara 2027,0.625,0.959476885694609,0.796042403447021,1.15341771483882
Senado 2027 vs Câmara 2027,0.635,1.01888293041781,0.854273679939066,1.22057778821242
Senado 2027 vs Câmara 2027,0.645,1.07613302321941,0.906663003535404,1.29168267370845
Senado 2027 vs Câmara 2027,0.655,1.12990999736532,0.951855687002905,1.34673816145908
Senado 2027 vs Câmara 2027,0.665,1.17914078218076,0.991558706028108,1.39530564716425
Senado 2027 vs Câmara 2027,0.675,1.22307454272399,1.03125267410434,1.44481567838338
Senado 2027 vs Câmara 2027,0.685,1.26151420756492,1.06072496026559,1.48283406333658
Senado 2027 vs Câmara 2027,0.695,1.29452033220721,1.08526324128638,1.51638180800115
Senado 2027 vs Câmara 2027,0.705,1.32237992222996,1.10574265834287,1.54591674962094
Senado 2027 vs Câmara 2027,0.715,1.34591368803681,1.11705004523443,1.57394031540379
Senado 2027 vs Câmara 2027,0.725,1.36598739293138,1.13594914831622,1.60419819579738
Senado 2027 vs Câmara 2027,0.735,1.38353989487582,1.16412492741982,1.6172483649117
Senado 2027 vs Câmara 2027,0.745,1.39964566151584,1.18667304816628,1.62499920024877
Senado 2027 vs Câmara 2027,0.755,1.41525403397938,1.20970428932541,1.6339665024314
Senado 2027 vs Câmara 2027,0.765,1.43118329191708,1.22904189526294,1.64223552514894
Senado 2027 vs Câmara 2027,0.775,1.44804976311368,1.2465526247067,1.66499293907623
Senado 2027 vs Câmara 2027,0.785,1.46618556043952,1.27499788297091,1.6772441665945
Senado 2027 vs Câmara 2027,0.795,1.4856498278532,1.30554966973234,1.69095270509261
Senado 2027 vs Câmara 2027,0.805,1.50617367627979,1.33125173346951,1.70487154278155
Senado 2027 vs Câmara 2027,0.815,1.52714589220657,1.35560791385116,1.72291364159424
Senado 2027 vs Câmara 2027,0.825,1.54769450744772,1.37528878912156,1.74011991178002
Senado 2027 vs Câmara 2027,0.835,1.5666500699545,1.39346809912766,1.75106725043859
Senado 2027 vs Câmara 2027,0.845,1.58276272739079,1.41740724631808,1.7578801257573
Senado 2027 vs Câmara 2027,0.855,1.59472171501124,1.43297626269028,1.76316223630824
Senado 2027 vs Câmara 2027,0.865,1.60112822905873,1.44434941667578,1.76182896432447
Senado 2027 vs Câmara 2027,0.875,1.60104078776955,1.43681135148203,1.76714547877549
Senado 2027 vs Câmara 2027,0.885,1.59379831867639,1.41923160746997,1.75834786499365
Senado 2027 vs Câmara 2027,0.895,1.57903943964172,1.39389516658958,1.75201949043236
Senado 2027 vs Câmara 2027,0.905,1.55714718170839,1.36009815568594,1.74704716813705
Senado 2027 vs Câmara 2027,0.915,1.52909803337337,1.31160485904258,1.73343746681979
Senado 2027 vs Câmara 2027,0.925,1.4963019502434,1.2659567015619,1.72169601757167
Senado 2027 vs Câmara 2027,0.935,1.46073315905921,1.22207167806448,1.71362648316355
Senado 2027 vs Câmara 2027,0.945,1.42473845519151,1.1610566650147,1.69786680333195
Senado 2027 vs Câmara 2027,0.955,1.390760465367,1.10898620461344,1.6870100685885
Senado 2027 vs Câmara 2027,0.965,1.36133681730461,1.06599183320684,1.67746545524988
Senado 2027 vs Câmara 2027,0.975,1.33853146564722,1.03156630876527,1.66990603753308
Senado 2027 vs Câmara 2027,0.985,1.32402064265936,1.01258420048497,1.66408648618462
Senado 2027 vs Câmara 2027,0.995,1.31914542483874,1.00579100557462,1.66205445300056
Câmara 2027 vs Câmara 2023–26,0.005,0.951768381164573,0.849054132294846,1.05753185532681
Câmara 2027 vs Câmara 2023–26,0.015,0.951715879379016,0.850591736487402,1.05638775875858
Câmara 2027 vs Câmara 2023–26,0.025,0.951563653105802,0.853798424929053,1.05291650043514
Câmara 2027 vs Câmara 2023–26,0.035,0.951467485951565,0.85753221692731,1.0474260874542
Câmara 2027 vs Câmara 2023–26,0.045,0.951655308871602,0.864806202090388,1.04028559448443
Câmara 2027 vs Câmara 2023–26,0.055,0.952428649896389,0.873799004465706,1.03196772397569
Câmara 2027 vs Câmara 2023–26,0.065,0.954089596023119,0.882590076857828,1.02245302611477
Câmara 2027 vs Câmara 2023–26,0.075,0.956929216414521,0.896643863767108,1.0143474320707
Câmara 2027 vs Câmara 2023–26,0.085,0.961226869035114,0.909773671426471,1.00770947962266
Câmara 2027 vs Câmara 2023–26,0.095,0.967159457912808,0.924826906538348,1.00625618043497
Câmara 2027 vs Câmara 2023–26,0.105,0.974798256395989,0.93816167075209,1.00873352559818
Câmara 2027 vs Câmara 2023–26,0.115,0.984148819955865,0.950357665764327,1.01735360093379
Câmara 2027 vs Câmara 2023–26,0.125,0.995106999639438,0.960307813518396,1.03167502596073
Câmara 2027 vs Câmara 2023–26,0.135,1.00744033917188,0.968187227971912,1.04874916410091
Câmara 2027 vs Câmara 2023–26,0.145,1.02088225986311,0.975246454539713,1.06711542254261
Câmara 2027 vs Câmara 2023–26,0.155,1.03512576695431,0.984945126222583,1.08675358357962
Câmara 2027 vs Câmara 2023–26,0.165,1.04981070182915,0.992743965663285,1.10775636039697
Câmara 2027 vs Câmara 2023–26,0.175,1.06460849118223,1.00281048169787,1.12711046020371
Câmara 2027 vs Câmara 2023–26,0.185,1.07920058510858,1.01364268415233,1.14730929928074
Câmara 2027 vs Câmara 2023–26,0.195,1.09330965071831,1.02452061416427,1.16463034636661
Câmara 2027 vs Câmara 2023–26,0.205,1.10669635416344,1.03565507837397,1.18059246428922
Câmara 2027 vs Câmara 2023–26,0.215,1.11912736213112,1.04679811241288,1.1927626264823
Câmara 2027 vs Câmara 2023–26,0.225,1.13040910013633,1.05628820219545,1.20520169979764
Câmara 2027 vs Câmara 2023–26,0.235,1.14036103794797,1.06320262598434,1.21640773910483
Câmara 2027 vs Câmara 2023–26,0.245,1.14876736601497,1.06917553499392,1.2272546791752
Câmara 2027 vs Câmara 2023–26,0.255,1.15540490398585,1.07480561916059,1.23465456004367
Câmara 2027 vs Câmara 2023–26,0.265,1.16008239716182,1.07757764999971,1.24118875004555
Câmara 2027 vs Câmara 2023–26,0.275,1.16257037584661,1.08158522457445,1.24564628986363
Câmara 2027 vs Câmara 2023–26,0.285,1.16261612209012,1.08335122295765,1.24854721673788
Câmara 2027 vs Câmara 2023–26,0.295,1.16010606295231,1.0788144767664,1.24378237132021
Câmara 2027 vs Câmara 2023–26,0.305,1.15493270955585,1.07513261070067,1.24136272745231
Câmara 2027 vs Câmara 2023–26,0.315,1.14699608236707,1.06743812240786,1.23403001062077
Câmara 2027 vs Câmara 2023–26,0.325,1.13643300525996,1.06057214089199,1.22546313755989
Câmara 2027 vs Câmara 2023–26,0.335,1.12342140737909,1.04661263899402,1.20839518126082
Câmara 2027 vs Câmara 2023–26,0.345,1.10819967712457,1.03218764274184,1.19078876881261
Câmara 2027 vs Câmara 2023–26,0.355,1.09117435380715,1.01477978601812,1.1731307547474
Câmara 2027 vs Câmara 2023–26,0.365,1.07280962748722,0.996346335845322,1.15345999195356
Câmara 2027 vs Câmara 2023–26,0.375,1.05359451708878,0.978199667957817,1.1349707573014
Câmara 2027 vs Câmara 2023–26,0.385,1.03405978060177,0.957344820995274,1.11460130293748
Câmara 2027 vs Câmara 2023–26,0.395,1.01471599897693,0.936886894068172,1.09296237519871
Câmara 2027 vs Câmara 2023–26,0.405,0.996023497485311,0.918348100740855,1.07385468811708
Câmara 2027 vs Câmara 2023–26,0.415,0.978392299736171,0.902774146023317,1.05314722395396
Câmara 2027 vs Câmara 2023–26,0.425,0.962093403092455,0.888976430762795,1.03437963369141
Câmara 2027 vs Câmara 2023–26,0.435,0.94730932765929,0.874372177678361,1.01874994765681
Câmara 2027 vs Câmara 2023–26,0.445,0.93415860342859,0.86334412562273,1.00422860963616
Câmara 2027 vs Câmara 2023–26,0.455,0.922563923637623,0.853970198309726,0.989368626914951
Câmara 2027 vs Câmara 2023–26,0.465,0.912398595766751,0.845702651550842,0.980084120395671
Câmara 2027 vs Câmara 2023–26,0.475,0.903486176475697,0.83725047520055,0.971016386935022
Câmara 2027 vs Câmara 2023–26,0.485,0.895553984093926,0.832351864345599,0.965073405248193
Câmara 2027 vs Câmara 2023–26,0.495,0.888320527908476,0.827031459211587,0.956331755122606
Câmara 2027 vs Câmara 2023–26,0.505,0.881515957449874,0.820538366417721,0.950344701058405
Câmara 2027 vs Câmara 2023–26,0.515,0.874879937305394,0.813781676577856,0.941439242793937
Câmara 2027 vs Câmara 2023–26,0.525,0.868195290009811,0.805450774719303,0.934791204332491
Câmara 2027 vs Câmara 2023–26,0.535,0.861297809592099,0.80037526240898,0.927361136891352
Câmara 2027 vs Câmara 2023–26,0.545,0.85407624045903,0.794507022971495,0.920094902759242
Câmara 2027 vs Câmara 2023–26,0.555,0.846494195440192,0.785785497548126,0.912485244752779
Câmara 2027 vs Câmara 2023–26,0.565,0.83857094265618,0.7779087319403,0.904799708858193
Câmara 2027 vs Câmara 2023–26,0.575,0.830382408930431,0.770784299551978,0.895401160963347
Câmara 2027 vs Câmara 2023–26,0.585,0.822080524684233,0.764204259545031,0.885849878674698
Câmara 2027 vs Câmara 2023–26,0.595,0.813864939930681,0.754292036494937,0.875920833502871
Câmara 2027 vs Câmara 2023–26,0.605,0.806004137156217,0.746048812451681,0.866658320130702
Câmara 2027 vs Câmara 2023–26,0.615,0.798808978338695,0.737346934103615,0.859779120200812
Câmara 2027 vs Câmara 2023–26,0.625,0.792627273391868,0.729215594595233,0.853373037416631
Câmara 2027 vs Câmara 2023–26,0.635,0.787865519114952,0.724141278240091,0.85091306564235
Câmara 2027 vs Câmara 2023–26,0.645,0.784924758874919,0.720879102571051,0.849744654488274
Câmara 2027 vs Câmara 2023–26,0.655,0.784162039800618,0.718589793164986,0.849702081049034
Câmara 2027 vs Câmara 2023–26,0.665,0.785934813590802,0.718605462756049,0.853607214317517
Câmara 2027 vs Câmara 2023–26,0.675,0.79054171818487,0.721050006039887,0.860696012263496
Câmara 2027 vs Câmara 2023–26,0.685,0.798086350000574,0.724194885709514,0.872123617387715
Câmara 2027 vs Câmara 2023–26,0.695,0.808602851368597,0.733102997244851,0.885701029373563
Câmara 2027 vs Câmara 2023–26,0.705,0.822043092759648,0.745771879164206,0.903019166788782
Câmara 2027 vs Câmara 2023–26,0.715,0.838060169337305,0.759631546971452,0.920392688155083
Câmara 2027 vs Câmara 2023–26,0.725,0.856248552740057,0.775282903290854,0.940581179669236
Câmara 2027 vs Câmara 2023–26,0.735,0.876110342727836,0.792097817869041,0.964684981549774
Câmara 2027 vs Câmara 2023–26,0.745,0.896985529253023,0.811795984178293,0.988524739547318
Câmara 2027 vs Câmara 2023–26,0.755,0.918212184869413,0.833317625577562,1.0101291578844
Câmara 2027 vs Câmara 2023–26,0.765,0.939129038981356,0.854164032163623,1.03130221636974
Câmara 2027 vs Câmara 2023–26,0.775,0.959130968869477,0.87561567948592,1.04892558519525
Câmara 2027 vs Câmara 2023–26,0.785,0.977749079958606,0.895027461281027,1.06365156420343
Câmara 2027 vs Câmara 2023–26,0.795,0.994643509209483,0.913548151003671,1.07905663809719
Câmara 2027 vs Câmara 2023–26,0.805,1.00966109269678,0.928988807604135,1.09292620606978
Câmara 2027 vs Câmara 2023–26,0.815,1.02290931686933,0.945778640915175,1.10594183207548
Câmara 2027 vs Câmara 2023–26,0.825,1.03465943651968,0.964143508121257,1.11665736826599
Câmara 2027 vs Câmara 2023–26,0.835,1.04536053731689,0.979296937366684,1.12308448894848
Câmara 2027 vs Câmara 2023–26,0.845,1.05565600846499,0.991503047263271,1.12788748286154
Câmara 2027 vs Câmara 2023–26,0.855,1.06623617525927,1.00444607539617,1.13584783115657
Câmara 2027 vs Câmara 2023–26,0.865,1.07784801784552,1.01717109036415,1.14556632115488
Câmara 2027 vs Câmara 2023–26,0.875,1.09113065792365,1.03229883945565,1.15583995601731
Câmara 2027 vs Câmara 2023–26,0.885,1.10657622448855,1.04853887757255,1.1663865029745
Câmara 2027 vs Câmara 2023–26,0.895,1.12451075394181,1.06267187283313,1.18710537237492
Câmara 2027 vs Câmara 2023–26,0.905,1.1449146061803,1.08040619416585,1.2098411215992
Câmara 2027 vs Câmara 2023–26,0.915,1.16744437327939,1.09698625015317,1.23955908912568
Câmara 2027 vs Câmara 2023–26,0.925,1.19147920880762,1.11340074027869,1.27047113746168
Câmara 2027 vs Câmara 2023–26,0.935,1.21607207052928,1.12880509386781,1.30472415131477
Câmara 2027 vs Câmara 2023–26,0.945,1.24005513309763,1.14572673668329,1.33809475109085
Câmara 2027 vs Câmara 2023–26,0.955,1.26214838653652,1.15824026623959,1.36805215903712
Câmara 2027 vs Câmara 2023–26,0.965,1.28097347791216,1.16989853079422,1.3961030273569
Câmara 2027 vs Câmara 2023–26,0.975,1.29541742901108,1.17873293216104,1.41577653327211
Câmara 2027 vs Câmara 2023–26,0.985,1.30454710161783,1.18411522068089,1.4285335949418
Câmara 2027 vs Câmara 2023–26,0.995,1.30758951987065,1.1854884964394,1.43233249310202
Senado 2027 vs Senado 2023–26,0.005,1.281878343677,1.05877353747153,1.52138785534011
Senado 2027 vs Senado 2023–26,0.015,1.27657124314209,1.05815741028298,1.5127942715178
Senado 2027 vs Senado 2023–26,0.025,1.26060394229256,1.05158660919687,1.48997329034875
Senado 2027 vs Senado 2023–26,0.035,1.23509900977981,1.04010742545309,1.45349067853196
Senado 2027 vs Senado 2023–26,0.045,1.20134874141146,1.02501007435992,1.40551511622238
Senado 2027 vs Senado 2023–26,0.055,1.16085740507472,1.00481771702289,1.3472367767107
Senado 2027 vs Senado 2023–26,0.065,1.11562131666621,0.984646233165733,1.28404372585657
Senado 2027 vs Senado 2023–26,0.075,1.06751146355744,0.954476070556441,1.22125182450868
Senado 2027 vs Senado 2023–26,0.085,1.01826788962017,0.918264509033813,1.15961333259289
Senado 2027 vs Senado 2023–26,0.095,0.969458520283841,0.871094687836845,1.10268384048059
Senado 2027 vs Senado 2023–26,0.105,0.922303243321537,0.81863687772472,1.056815272191
Senado 2027 vs Senado 2023–26,0.115,0.877728228590901,0.768093509910193,1.01367610232617
Senado 2027 vs Senado 2023–26,0.125,0.836359465432336,0.719693076153358,0.979959458637038
Senado 2027 vs Senado 2023–26,0.135,0.798465736151431,0.676764316087399,0.942672769267435
Senado 2027 vs Senado 2023–26,0.145,0.764186485797579,0.63599871281379,0.910905429710226
Senado 2027 vs Senado 2023–26,0.155,0.733602406943986,0.60145929448267,0.883626106310756
Senado 2027 vs Senado 2023–26,0.165,0.706573503400279,0.571676686427761,0.859160427309053
Senado 2027 vs Senado 2023–26,0.175,0.683046854725787,0.55132897104698,0.838179648327266
Senado 2027 vs Senado 2023–26,0.185,0.663082565808603,0.532385477372374,0.809088836759141
Senado 2027 vs Senado 2023–26,0.195,0.64660700197212,0.520736466130493,0.79115505121486
Senado 2027 vs Senado 2023–26,0.205,0.633628374685113,0.507047136670394,0.77309935657274
Senado 2027 vs Senado 2023–26,0.215,0.624215594413856,0.498075818955025,0.765651079559778
Senado 2027 vs Senado 2023–26,0.225,0.618288103814953,0.490803843010178,0.760052220320983
Senado 2027 vs Senado 2023–26,0.235,0.615672780924202,0.484884239321247,0.755998151623884
Senado 2027 vs Senado 2023–26,0.245,0.616147486528689,0.481871018533231,0.7584173353127
Senado 2027 vs Senado 2023–26,0.255,0.619322261033843,0.480227967535155,0.764814214863472
Senado 2027 vs Senado 2023–26,0.265,0.62462162391726,0.476678601689526,0.779242235347987
Senado 2027 vs Senado 2023–26,0.275,0.631409949098302,0.479931823164937,0.793648231823932
Senado 2027 vs Senado 2023–26,0.285,0.638952870019987,0.484715456243579,0.800604251790071
Senado 2027 vs Senado 2023–26,0.295,0.646446562793181,0.484489726812021,0.815714396885294
Senado 2027 vs Senado 2023–26,0.305,0.653128381742841,0.487163260152547,0.828428702144223
Senado 2027 vs Senado 2023–26,0.315,0.658238512281965,0.495528806412036,0.831182311959593
Senado 2027 vs Senado 2023–26,0.325,0.661209448675139,0.497323850774491,0.827959157933133
Senado 2027 vs Senado 2023–26,0.335,0.661612702731326,0.496694490965886,0.82462809963378
Senado 2027 vs Senado 2023–26,0.345,0.659147072762257,0.497589855944801,0.824261726478819
Senado 2027 vs Senado 2023–26,0.355,0.653812237633783,0.496269946639525,0.825512733687664
Senado 2027 vs Senado 2023–26,0.365,0.645814844541766,0.491607153718323,0.812355605352602
Senado 2027 vs Senado 2023–26,0.375,0.635502344381553,0.484424326924807,0.800156568859973
Senado 2027 vs Senado 2023–26,0.385,0.623418712495845,0.481386016576233,0.794116252713355
Senado 2027 vs Senado 2023–26,0.395,0.610232327925903,0.473994876514191,0.774802712406
Senado 2027 vs Senado 2023–26,0.405,0.596617915052522,0.467447610955803,0.757415362145687
Senado 2027 vs Senado 2023–26,0.415,0.583249047817497,0.460004727375592,0.739757901080269
Senado 2027 vs Senado 2023–26,0.425,0.570698272968293,0.448695299035327,0.723644980115518
Senado 2027 vs Senado 2023–26,0.435,0.5594037528085,0.440770441687535,0.713457543911427
Senado 2027 vs Senado 2023–26,0.445,0.549700654540156,0.432437322842328,0.698717666250335
Senado 2027 vs Senado 2023–26,0.455,0.541680643648675,0.42608454456979,0.687944204776578
Senado 2027 vs Senado 2023–26,0.465,0.535342434040831,0.420677925129561,0.681063647884278
Senado 2027 vs Senado 2023–26,0.475,0.530631209472695,0.420495086199283,0.67624896431027
Senado 2027 vs Senado 2023–26,0.485,0.527403373148726,0.422260142716427,0.678523050585893
Senado 2027 vs Senado 2023–26,0.495,0.525555075874514,0.421117149951734,0.67603896900563
Senado 2027 vs Senado 2023–26,0.505,0.525087664589043,0.423518196018743,0.673558394470558
Senado 2027 vs Senado 2023–26,0.515,0.526092293548257,0.423925927130153,0.671139190957408
Senado 2027 vs Senado 2023–26,0.525,0.528751099914504,0.423193422292039,0.669943584214384
Senado 2027 vs Senado 2023–26,0.535,0.533374091173453,0.425438433964865,0.673255428611918
Senado 2027 vs Senado 2023–26,0.545,0.540349734379033,0.429680569605912,0.680499469128309
Senado 2027 vs Senado 2023–26,0.555,0.549978506913162,0.436613162640452,0.694054988248174
Senado 2027 vs Senado 2023–26,0.565,0.562539384507462,0.446810428960597,0.708652893195841
Senado 2027 vs Senado 2023–26,0.575,0.578274391244402,0.458711684927507,0.731077957538621
Senado 2027 vs Senado 2023–26,0.585,0.597084464381576,0.471837610145137,0.754089856083121
Senado 2027 vs Senado 2023–26,0.595,0.618767847996968,0.493131469527877,0.775212851792165
Senado 2027 vs Senado 2023–26,0.605,0.642981735109032,0.516056308484693,0.797163784563072
Senado 2027 vs Senado 2023–26,0.615,0.669112262533896,0.543005882194557,0.822410524835012
Senado 2027 vs Senado 2023–26,0.625,0.696460584805591,0.568488160721756,0.854207106384852
Senado 2027 vs Senado 2023–26,0.635,0.724265535005586,0.595629418158968,0.88621734168554
Senado 2027 vs Senado 2023–26,0.645,0.751721967530876,0.620459447352388,0.914421634892606
Senado 2027 vs Senado 2023–26,0.655,0.778087113367637,0.643192309222958,0.943902201992404
Senado 2027 vs Senado 2023–26,0.665,0.80268639357861,0.668590751118887,0.970769902954716
Senado 2027 vs Senado 2023–26,0.675,0.824944596712171,0.68829521017507,0.992469392212881
Senado 2027 vs Senado 2023–26,0.685,0.844516959431098,0.703368717536385,1.01721411126053
Senado 2027 vs Senado 2023–26,0.695,0.86117884618077,0.71838602225945,1.04382385360176
Senado 2027 vs Senado 2023–26,0.705,0.874810809270844,0.727796965909149,1.06228296918185
Senado 2027 vs Senado 2023–26,0.715,0.885627789123898,0.736082529346043,1.07793481404995
Senado 2027 vs Senado 2023–26,0.725,0.893944072002596,0.737032045832312,1.08975663714918
Senado 2027 vs Senado 2023–26,0.735,0.900224822696523,0.737506656701981,1.10331731227895
Senado 2027 vs Senado 2023–26,0.745,0.905226925244468,0.733741939236529,1.10621255287821
Senado 2027 vs Senado 2023–26,0.755,0.909872012589518,0.739337461757837,1.11462634969424
Senado 2027 vs Senado 2023–26,0.765,0.915331537319263,0.742949311245967,1.12122756224281
Senado 2027 vs Senado 2023–26,0.775,0.923038457283698,0.750628132922487,1.13168279211379
Senado 2027 vs Senado 2023–26,0.785,0.934626065464996,0.763152231687631,1.13316878645095
Senado 2027 vs Senado 2023–26,0.795,0.952057475730268,0.783032209813876,1.14889371607946
Senado 2027 vs Senado 2023–26,0.805,0.977579864622018,0.81357275829311,1.16779085932008
Senado 2027 vs Senado 2023–26,0.815,1.01334793082884,0.85559786497523,1.20097793382784
Senado 2027 vs Senado 2023–26,0.825,1.06173016551081,0.914134249561123,1.23674835762573
Senado 2027 vs Senado 2023–26,0.835,1.12536961940559,0.986434969502183,1.29132552544088
Senado 2027 vs Senado 2023–26,0.845,1.20593887479676,1.07467832688671,1.35409468715523
Senado 2027 vs Senado 2023–26,0.855,1.30500012176331,1.18255040664801,1.44006399123568
Senado 2027 vs Senado 2023–26,0.865,1.42396271286043,1.31053273809669,1.55027995499751
Senado 2027 vs Senado 2023–26,0.875,1.5624581553863,1.4539088082286,1.68335111961051
Senado 2027 vs Senado 2023–26,0.885,1.71939652598734,1.60951428609482,1.84349434457727
Senado 2027 vs Senado 2023–26,0.895,1.89282672755588,1.77287032973663,2.02512386193692
Senado 2027 vs Senado 2023–26,0.905,2.07903582862804,1.93712197356715,2.21384963795872
Senado 2027 vs Senado 2023–26,0.915,2.27313242220879,2.10920476438492,2.41648481449078
Senado 2027 vs Senado 2023–26,0.925,2.46925827753858,2.27410520101159,2.64205264907665
Senado 2027 vs Senado 2023–26,0.935,2.66045606715186,2.43908312551809,2.85642614751938
Senado 2027 vs Senado 2023–26,0.945,2.83948167776317,2.59292040308488,3.05579734876511
Senado 2027 vs Senado 2023–26,0.955,2.99892006475909,2.72804727064254,3.23842126883264
Senado 2027 vs Senado 2023–26,0.965,3.13113812557797,2.83666748639051,3.39179242603383
Senado 2027 vs Senado 2023–26,0.975,3.23063001052979,2.92087189364783,3.50543599298737
Senado 2027 vs Senado 2023–26,0.985,3.29272152651967,2.97488102335835,3.57622856016202
Senado 2027 vs Senado 2023–26,0.995,3.31332221248752,2.99283746142689,3.59968594562823
