comparacao,indice,media,lo,hi
Senado 2023–26 vs Câmara 2023–26,mrp,-0.129978738483349,-0.129978738483349,-0.129978738483349
Senado 2023–26 vs Câmara 2023–26,lrp,-0.198358413132691,-0.198358413132691,-0.198358413132691
Senado 2023–26 vs Câmara 2023–26,urp,-0.0564705882353033,-0.0564705882353033,-0.0564705882353033
Senado 2023–26 vs Câmara 2023–26,mediana_y,0.0844,0.0844,0.0844
Senado 2023–26 vs Câmara 2023–26,mediana_yo,0.13855,0.13855,0.13855
Senado 2027 vs Câmara 2027,mrp,0.00850961422762465,-0.0372391885062341,0.0576011358987433
Senado 2027 vs Câmara 2027,lrp,0.018459465685268,-0.0541672609708553,0.0925402938239908
Senado 2027 vs Câmara 2027,urp,-0.00162090912776988,-0.0832595207530764,0.0715399610136758
Senado 2027 vs Câmara 2027,mediana_y,0.256482599999999,0.241,0.281
Senado 2027 vs Câmara 2027,mediana_yo,0.122993068073966,0.114,0.139
Câmara 2027 vs Câmara 2023–26,mrp,0.0483092611703366,0.0288437870274633,0.0677980353934757
Câmara 2027 vs Câmara 2023–26,lrp,-0.0203483435059018,-0.0487773223682909,0.0201114080662678
Câmara 2027 vs Câmara 2023–26,urp,0.117917554686988,0.0822835008945578,0.151753940791993
Câmara 2027 vs Câmara 2023–26,mediana_y,0.123227666242184,0.114,0.139
Câmara 2027 vs Câmara 2023–26,mediana_yo,0.138549999999999,0.13855,0.13855
Senado 2027 vs Senado 2023–26,mrp,0.217602260895432,0.164048787743565,0.26639892904953
Senado 2027 vs Senado 2023–26,lrp,0.234700666921751,0.159019982368498,0.308379749438722
Senado 2027 vs Senado 2023–26,urp,0.202716002429326,0.12076143484887,0.279459300617105
Senado 2027 vs Senado 2023–26,mediana_y,0.256707499999999,0.241,0.281
Senado 2027 vs Senado 2023–26,mediana_yo,0.0844000000000012,0.0844,0.0844
