r,g_ponto,g_media,lo,hi
1e-04,0.285270375289484,1.09888669366242,0.734534995633311,1.50120036120779
0.0101,0.343938242389521,1.06483111722985,0.762571398774194,1.38937276714369
0.0201,0.413701905613388,1.03343766706984,0.790544243932492,1.27908501158595
0.0301,0.495291750484848,1.00502673161427,0.816810494794914,1.18572167992175
0.0401,0.588822567476474,0.979831220263994,0.833531438480911,1.10825940501738
0.0501,0.693491013015427,0.95802039883989,0.853064578354402,1.05318176208349
0.0601,0.807260172762594,0.939723115809542,0.863485165684588,1.01745515000009
0.0701,0.926586084460435,0.925050382046313,0.847845943068601,1.0100982640595
0.0801,1.04626293066705,0.914117696278355,0.819287672949789,1.01511743356442
0.0901,1.15947657924305,0.907067890080219,0.792508628150849,1.02775111132091
0.1001,1.25815010935569,0.904095646564529,0.775869806093624,1.03956475708823
0.1101,1.33363054998707,0.905475288910476,0.769566026002132,1.0439417327728
0.1201,1.3786026685291,0.911476314976119,0.77688538413161,1.05157511991187
0.1301,1.39249326034572,0.921845092468218,0.79157649215648,1.05633747096097
0.1401,1.3787763390007,0.936188931990593,0.813414753677342,1.06221714768962
0.1501,1.34257365111154,0.954148277552599,0.831500895925772,1.08400131991796
0.1601,1.28980138681936,0.975353295041065,0.861645835585294,1.09802912270985
0.1701,1.22643582028542,0.999386767615384,0.884361486963151,1.11089506218431
0.1801,1.15797964315814,1.02575315383384,0.911463473046502,1.13657551218394
0.1901,1.08915071069065,1.05385481322881,0.932199825643275,1.17127437410389
0.2001,1.02377102628258,1.08297761514336,0.955174899227266,1.22039217773207
0.2101,0.96481119716699,1.1122891183172,0.972188160211527,1.26924742302559
0.2201,0.914541306360228,1.14085305162822,0.993783354880111,1.30502707684144
0.2301,0.874496954333894,1.16770104185205,1.01985984112035,1.33711968291311
0.2401,0.844124299241876,1.19214345910779,1.04578250935694,1.36049547185342
0.2501,0.822220503080931,1.21364951472799,1.07077647743109,1.36875559564044
0.2601,0.807870950040289,1.23169635127885,1.10278003887372,1.38121653549467
0.2701,0.80039701640843,1.24575141449007,1.11749220444037,1.3845988731715
0.2801,0.79931267632261,1.25526401632481,1.12656459618159,1.39736387312924
0.2901,0.804291910102908,1.25966755335034,1.12332532200758,1.40994489591476
0.3001,0.815144215668437,1.25839412993977,1.1169115899874,1.40856393661435
0.3101,0.831796220941046,1.25090244204788,1.10130071723105,1.41168975705664
0.3201,0.854277889782026,1.23671845707468,1.0751072892068,1.40557776040533
0.3301,0.882712163901071,1.21548669215367,1.0507110371957,1.38955406833682
0.3401,0.917266591300202,1.18713924381617,1.02399072012342,1.3570511872069
0.3501,0.957700154210555,1.15304750899982,0.998677231386239,1.3135003725962
0.3601,1.00342292385072,1.11536816534025,0.977336004886046,1.26414225859902
0.3701,1.05370667419709,1.0761051283744,0.953049285716545,1.21196038488396
0.3801,1.10763702828062,1.0370265973786,0.930432940842455,1.15864153156398
0.3901,1.16406704539829,0.999638794003627,0.897040034236798,1.11935982471073
0.4001,1.22158049217895,0.965195025341866,0.85935518441757,1.08758302626468
0.4101,1.27846993532012,0.934730889532007,0.821857191315989,1.0668968501768
0.4201,1.33273578336672,0.909117581949577,0.788308481076764,1.0432218912102
0.4301,1.38211276133072,0.889127626160894,0.7649940028992,1.02938268828179
0.4401,1.42412970837922,0.875510385944749,0.74500705950286,1.02554870408383
0.4501,1.45626231230897,0.868997002538595,0.735602147459144,1.01601673593493
0.4601,1.47699009649594,0.869074754097327,0.740180009308622,1.01307849287395
0.4701,1.48583148344285,0.874230218192377,0.756179352525269,1.01135328664013
0.4801,1.48261788689965,0.883002029870927,0.77452113976591,1.00133475029335
0.4901,1.46747369699087,0.893923186694178,0.792365453199362,1.00545185005868
0.5001,1.44080940011014,0.905456021452114,0.81027527344907,1.00315356101905
0.5101,1.40330335548157,0.915957200671,0.823141292439041,1.00414642405579
0.5201,1.3558733438066,0.923675912413164,0.834539392856061,1.02122374255974
0.5301,1.29963954060496,0.926789811775351,0.837252144324607,1.03178902467707
0.5401,1.23588098196655,0.923482345766029,0.829534631881851,1.03896662797225
0.5501,1.16598785884828,0.912061371018231,0.816858515064286,1.03243949727129
0.5601,1.09144987750483,0.89117826868633,0.799690667490193,1.01310174609181
0.5701,1.01476400999071,0.861743556342811,0.771893341192841,0.981459660687314
0.5801,0.939118084077665,0.826871548166283,0.741436618005455,0.931997066759262
0.5901,0.86703635109288,0.789548018571105,0.711063826692681,0.884253718185148
0.6001,0.800358256790142,0.752368261007506,0.67518917186999,0.836142941218839
0.6101,0.740337317939171,0.717489523715189,0.639009856549743,0.79975548345508
0.6201,0.687766482956505,0.686661570663025,0.604113234640705,0.769093504917911
0.6301,0.643111972625451,0.661312571780483,0.574401156113685,0.749276138721247
0.6401,0.606644786867024,0.642672158173734,0.551138158197172,0.731530970638051
0.6501,0.57856572162641,0.631921721432745,0.537435735693734,0.724177175888527
0.6601,0.559125564706354,0.630372374633477,0.534067700556286,0.724069238237471
0.6701,0.548731466688722,0.639656060164887,0.541581819965886,0.733568604648023
0.6801,0.547230441029047,0.660491480769312,0.562742350932908,0.758113791768786
0.6901,0.553573366610282,0.69185234703775,0.595963588282946,0.793618469520266
0.7001,0.56692404858225,0.732689439963498,0.63618852923416,0.834612695929102
0.7101,0.586637097091388,0.781839036615253,0.684890792432611,0.88547354497599
0.7201,0.612152057311624,0.837771328686517,0.734540293180623,0.949463548607949
0.7301,0.642901513706109,0.89835800664286,0.783228582892145,1.01493134119504
0.7401,0.678227077680973,0.960678583952115,0.832436937331432,1.09054821250853
0.7501,0.717301170383108,1.02090489851395,0.88258126287287,1.17664894644186
0.7601,0.759056126171423,1.07431881607187,0.925515800622245,1.24380291778091
0.7701,0.802125591279406,1.11552263269231,0.951753626015169,1.30070140656536
0.7801,0.844810553397206,1.13890388120025,0.966457416508032,1.32236914405249
0.7901,0.885668539575953,1.14172827804441,0.97372336656246,1.32234826164299
0.8001,0.924304878536078,1.12715045843844,0.973097391103435,1.29233123458591
0.8101,0.960504283512215,1.09964042467293,0.958174774329153,1.25181393343564
0.8201,0.994102793666601,1.06383264974401,0.938466910063817,1.20430046423608
0.8301,1.02498876264183,1.02410503315639,0.904285494060073,1.15670391034547
0.8401,1.05310246522357,0.984339142925907,0.873164855803467,1.11557319513099
0.8501,1.07843447874627,0.94784633074532,0.841057956947955,1.07902028143889
0.8601,1.10102302880775,0.917426648670175,0.799213830029233,1.04845627871001
0.8701,1.12095050929739,0.895526528998346,0.778706553608827,1.03347176259676
0.8801,1.13833939544424,0.884471989408138,0.766581515953643,1.02573905585915
0.8901,1.15334774167414,0.886771171328713,0.765627116584198,1.03138086140859
0.9001,1.16614750655709,0.904447244655521,0.782960213346041,1.04854321224121
0.9101,1.17688932932316,0.937443787045685,0.818730489978824,1.07648686341019
0.9201,1.18573585291841,0.98588239784009,0.872564509097554,1.11549092587435
0.9301,1.19286621494577,1.05041687241386,0.938278755860237,1.16367317966703
0.9401,1.19847300388261,1.13213768303458,1.02316654008378,1.24036594123505
0.9501,1.20275944115156,1.23248731762832,1.11974310019714,1.34384266244115
0.9601,1.20593684814039,1.3531690581032,1.21597217027033,1.49309808012338
0.9701,1.20822244449717,1.49603319814676,1.30278210784277,1.68489870811743
0.9801,1.20983751234828,1.66292534167512,1.3862069542677,1.91450961319446
0.9901,1.21100595089666,1.85548238726478,1.4852024067782,2.21142681465325
